ID_DEPTO;DEPARTAMENTO;ID_MPIO;MUNICIPIO;MÉTODO;FASE;"TRANSMITIDAS
A";"NOTIFICADAS
B";% TRANSMISIÓN (A/B);REPORTE INICIO DE OPERACIÓN CONAL 30/05;;;
25;CUNDINAMARCA;25035;ANAPOIMA;BARRIDO;2;496;1223;40,56%;SI;;;
15;BOYACÁ;15879;VIRACACHÁ;BARRIDO;3;293;655;44,73%;SI;;;
15;BOYACÁ;15092;BETÉITIVA;BARRIDO;3;279;564;49,47%;SI;;;
70;SUCRE;70221;COVEÑAS;BARRIDO;3;1053;2035;51,74%;SI;;;
25;CUNDINAMARCA;25436;MANTA;BARRIDO;2;316;588;53,74%;SI;;;
15;BOYACÁ;15104;BOYACÁ;BARRIDO;3;370;684;54,09%;SI;;;
73;TOLIMA;73275;FLANDES;BARRIDO;3;1204;2126;56,63%;SI;;;
15;BOYACÁ;15720;SATIVANORTE;BARRIDO;3;225;397;56,68%;SI;;;
15;BOYACÁ;15599;RAMIRIQUÍ;BARRIDO;3;734;1274;57,61%;SI;;;
15;BOYACÁ;15839;TUTAZÁ;BARRIDO;3;178;305;58,36%;SI;;;
15;BOYACÁ;15798;TENZA;BARRIDO;3;637;1069;59,59%;SI;;;
15;BOYACÁ;15183;CHITA;BARRIDO;3;1226;2053;59,72%;SI;;;
05;ANTIOQUIA;5607;RETIRO;BARRIDO;2;102;169;60,36%;SI;;;
15;BOYACÁ;15407;VILLA DE LEYVA;BARRIDO;3;739;1221;60,52%;SI;;;
25;CUNDINAMARCA;25483;NARIÑO;BARRIDO;2;698;1153;60,54%;SI;;;
15;BOYACÁ;15162;CERINZA;BARRIDO;3;388;633;61,30%;SI;;;
15;BOYACÁ;15464;MONGUA;BARRIDO;3;725;1180;61,44%;SI;;;
15;BOYACÁ;15842;UMBITA;BARRIDO;3;727;1178;61,71%;SI;;;
15;BOYACÁ;15218;COVARACHÍA;BARRIDO;3;251;403;62,28%;SI;;;
15;BOYACÁ;15276;FLORESTA;BARRIDO;3;547;874;62,59%;SI;;;
25;CUNDINAMARCA;25372;JUNÍN;BARRIDO;2;323;515;62,72%;SI;;;
05;ANTIOQUIA;5313;GRANADA;BARRIDO;2;925;1471;62,88%;SI;;;
05;ANTIOQUIA;5206;CONCEPCIÓN;BARRIDO;2;927;1444;64,20%;SI;;;
15;BOYACÁ;15317;GUACAMAYAS;BARRIDO;3;381;592;64,36%;SI;;;
15;BOYACÁ;15550;PISBA;BARRIDO;3;154;238;64,71%;SI;;;
15;BOYACÁ;15632;SABOYÁ;BARRIDO;3;842;1299;64,82%;SI;;;
15;BOYACÁ;15172;CHINAVITA;BARRIDO;3;703;1082;64,97%;SI;;;
15;BOYACÁ;15816;TOGÜÍ;BARRIDO;3;411;632;65,03%;SI;;;
15;BOYACÁ;15822;TOTA;BARRIDO;3;547;825;66,30%;SI;;;
15;BOYACÁ;15272;FIRAVITOBA;BARRIDO;3;827;1246;66,37%;SI;;;
68;SANTANDER;68264;ENCINO;BARRIDO;2;427;643;66,41%;SI;;;
15;BOYACÁ;15778;SUTATENZA;BARRIDO;3;383;576;66,49%;SI;;;
15;BOYACÁ;15226;CUÍTIVA;BARRIDO;3;266;398;66,83%;SI;;;
15;BOYACÁ;15740;SIACHOQUE;BARRIDO;3;547;816;67,03%;SI;;;
76;VALLE DEL CAUCA;76364;JAMUNDÍ;BARRIDO;2;281;416;67,55%;SI;;;
05;ANTIOQUIA;5042;SANTAFÉ DE ANTIOQUIA;BARRIDO;2;1705;2522;67,61%;SI;;;
15;BOYACÁ;15522;PANQUEBA;BARRIDO;3;330;488;67,62%;SI;;;
15;BOYACÁ;15109;BUENAVISTA;BARRIDO;3;825;1215;67,90%;SI;;;
05;ANTIOQUIA;5197;COCORNÁ;BARRIDO;2;1537;2255;68,16%;SI;;;
15;BOYACÁ;15296;GAMEZA;BARRIDO;3;731;1072;68,19%;SI;;;
15;BOYACÁ;15367;JENESANO;BARRIDO;3;644;935;68,88%;SI;;;
25;CUNDINAMARCA;25299;GAMA;BARRIDO;2;304;439;69,25%;SI;;;
15;BOYACÁ;15542;PESCA;BARRIDO;3;714;1027;69,52%;SI;;;
68;SANTANDER;68820;TONA;BARRIDO;2;490;704;69,60%;SI;;;
15;BOYACÁ;15621;RONDÓN;BARRIDO;3;253;363;69,70%;SI;;;
15;BOYACÁ;15804;TIBANÁ;BARRIDO;3;1392;1995;69,77%;SI;;;
54;NORTE DE SANTANDER;54099;BOCHALEMA;BARRIDO;2;331;473;69,98%;SI;;;
68;SANTANDER;68425;MACARAVITA;BARRIDO;2;236;336;70,24%;SI;;;
05;ANTIOQUIA;5543;PEQUE;BARRIDO;2;758;1079;70,25%;SI;;;
73;TOLIMA;73055;ARMERO;BARRIDO;3;307;435;70,57%;SI;;;
15;BOYACÁ;15368;JERICÓ;BARRIDO;3;447;629;71,07%;SI;;;
05;ANTIOQUIA;5652;SAN FRANCISCO;BARRIDO;2;86;121;71,07%;SI;;;
25;CUNDINAMARCA;25513;PACHO;BARRIDO;2;1084;1525;71,08%;SI;;;
05;ANTIOQUIA;5541;PEÑOL;BARRIDO;2;1451;2037;71,23%;SI;;;
15;BOYACÁ;15511;PACHAVITA;BARRIDO;3;175;245;71,43%;SI;;;
68;SANTANDER;68502;ONZAGA;BARRIDO;2;441;614;71,82%;SI;;;
15;BOYACÁ;15808;TINJACÁ;BARRIDO;3;345;480;71,88%;SI;;;
05;ANTIOQUIA;5142;CARACOLÍ;BARRIDO;2;1012;1406;71,98%;SI;;;
15;BOYACÁ;15204;CÓMBITA;BARRIDO;3;1011;1403;72,06%;SI;;;
68;SANTANDER;68682;SAN JOAQUÍN;BARRIDO;2;349;484;72,11%;SI;;;
15;BOYACÁ;15494;NUEVO COLÓN;BARRIDO;3;574;794;72,29%;SI;;;
15;BOYACÁ;15106;BRICEÑO;BARRIDO;3;267;369;72,36%;SI;;;
68;SANTANDER;68271;FLORIÁN;BARRIDO;2;440;608;72,37%;SI;;;
17;CALDAS;17446;MARULANDA;BARRIDO;3;207;286;72,38%;SI;;;
85;CASANARE;85400;TÁMARA;MIXTO;3;901;1241;72,60%;SI;;;
05;ANTIOQUIA;5690;SANTO DOMINGO;BARRIDO;2;1302;1790;72,74%;SI;;;
76;VALLE DEL CAUCA;76243;EL ÁGUILA;BARRIDO;2;484;665;72,78%;SI;;;
68;SANTANDER;68686;SAN MIGUEL;BARRIDO;2;527;724;72,79%;SI;;;
68;SANTANDER;68468;MOLAGAVITA;BARRIDO;2;404;555;72,79%;SI;;;
15;BOYACÁ;15189;CIÉNEGA;BARRIDO;3;267;366;72,95%;SI;;;
15;BOYACÁ;15776;SUTAMARCHÁN;BARRIDO;3;610;836;72,97%;SI;;;
15;BOYACÁ;15180;CHISCAS;BARRIDO;3;665;910;73,08%;SI;;;
05;ANTIOQUIA;5318;GUARNE;BARRIDO;2;704;961;73,26%;SI;;;
68;SANTANDER;68152;CARCASÍ;BARRIDO;2;573;782;73,27%;SI;;;
19;CAUCA;19701;SANTA ROSA;BARRIDO;3;411;559;73,52%;SI;;;
25;CUNDINAMARCA;25875;VILLETA;BARRIDO;2;1164;1574;73,95%;SI;;;
25;CUNDINAMARCA;25658;SAN FRANCISCO;BARRIDO;2;1081;1461;73,99%;SI;;;
15;BOYACÁ;15500;OICATÁ;BARRIDO;3;333;449;74,16%;SI;;;
05;ANTIOQUIA;5761;SOPETRÁN;BARRIDO;2;1662;2239;74,23%;SI;;;
15;BOYACÁ;15293;GACHANTIVÁ;BARRIDO;3;209;281;74,38%;SI;;;
05;ANTIOQUIA;5347;HELICONIA;BARRIDO;2;855;1149;74,41%;SI;;;
15;BOYACÁ;15673;SAN MATEO;BARRIDO;3;303;407;74,45%;SI;;;
05;ANTIOQUIA;5649;SAN CARLOS;BARRIDO;2;1301;1745;74,56%;SI;;;
25;CUNDINAMARCA;25797;TENA;BARRIDO;2;949;1271;74,67%;SI;;;
05;ANTIOQUIA;5628;SABANALARGA;BARRIDO;2;1303;1737;75,01%;SI;;;
15;BOYACÁ;15114;BUSBANZÁ;BARRIDO;3;160;213;75,12%;SI;;;
05;ANTIOQUIA;5059;ARMENIA;BARRIDO;2;615;815;75,46%;SI;;;
15;BOYACÁ;15469;MONIQUIRÁ;BARRIDO;3;2005;2652;75,60%;SI;;;
15;BOYACÁ;15232;CHÍQUIZA;BARRIDO;3;629;830;75,78%;SI;;;
05;ANTIOQUIA;5842;URAMITA;BARRIDO;2;907;1196;75,84%;SI;;;
15;BOYACÁ;15362;IZA;BARRIDO;3;433;570;75,96%;SI;;;
15;BOYACÁ;15537;PAZ DE RÍO;BARRIDO;3;737;970;75,98%;SI;;;
81;ARAUCA;81591;PUERTO RONDÓN;BARRIDO;3;311;409;76,04%;SI;;;
15;BOYACÁ;15638;SÁCHICA;BARRIDO;3;680;893;76,15%;SI;;;
68;SANTANDER;68211;CONTRATACIÓN;BARRIDO;2;820;1076;76,21%;SI;;;
25;CUNDINAMARCA;25426;MACHETA;BARRIDO;2;652;855;76,26%;SI;;;
85;CASANARE;85300;SABANALARGA;BARRIDO;3;653;855;76,37%;SI;;;
68;SANTANDER;68522;PALMAR;BARRIDO;2;186;243;76,54%;SI;;;
05;ANTIOQUIA;5411;LIBORINA;BARRIDO;2;1257;1642;76,55%;SI;;;
15;BOYACÁ;15047;AQUITANIA;BARRIDO;3;1686;2202;76,57%;SI;;;
05;ANTIOQUIA;5679;SANTA BÁRBARA;BARRIDO;2;2658;3471;76,58%;SI;;;
05;ANTIOQUIA;5861;VENECIA;BARRIDO;2;1793;2340;76,62%;SI;;;
54;NORTE DE SANTANDER;54172;CHINÁCOTA;BARRIDO;2;1771;2311;76,63%;SI;;;
25;CUNDINAMARCA;25281;FOSCA;BARRIDO;2;628;818;76,77%;SI;;;
05;ANTIOQUIA;5145;CARAMANTA;BARRIDO;2;863;1124;76,78%;SI;;;
15;BOYACÁ;15131;CALDAS;BARRIDO;3;424;552;76,81%;SI;;;
15;BOYACÁ;15442;MARIPÍ;BARRIDO;3;594;773;76,84%;SI;;;
17;CALDAS;17524;PALESTINA;BARRIDO;3;877;1139;77,00%;SI;;;
68;SANTANDER;68780;SURATÁ;BARRIDO;2;432;561;77,01%;SI;;;
15;BOYACÁ;15763;SOTAQUIRÁ;BARRIDO;3;735;954;77,04%;SI;;;
19;CAUCA;19693;SAN SEBASTIÁN;BARRIDO;3;1393;1808;77,05%;SI;;;
25;CUNDINAMARCA;25297;GACHETÁ;BARRIDO;2;1147;1487;77,14%;SI;;;
15;BOYACÁ;15790;TASCO;BARRIDO;3;685;888;77,14%;SI;;;
15;BOYACÁ;15696;SANTA SOFÍA;BARRIDO;3;400;517;77,37%;SI;;;
25;CUNDINAMARCA;25402;LA VEGA;BARRIDO;2;483;624;77,40%;SI;;;
15;BOYACÁ;15332;GÜICÁN;MIXTO;3;707;913;77,44%;SI;;;
15;BOYACÁ;15244;EL COCUY;BARRIDO;3;872;1123;77,65%;SI;;;
25;CUNDINAMARCA;25594;QUETAME;BARRIDO;2;486;625;77,76%;SI;;;
25;CUNDINAMARCA;25807;TIBIRITA;BARRIDO;2;259;333;77,78%;SI;;;
54;NORTE DE SANTANDER;54377;LABATECA;BARRIDO;2;650;835;77,84%;SI;;;
73;TOLIMA;73148;CARMEN DE APICALÁ;BARRIDO;3;834;1071;77,87%;SI;;;
15;BOYACÁ;15774;SUSACÓN;BARRIDO;3;545;699;77,97%;SI;;;
18;CAQUETÁ;18029;ALBANIA;BARRIDO;3;462;592;78,04%;SI;;;
68;SANTANDER;68298;GAMBITA;BARRIDO;2;139;178;78,09%;SI;;;
54;NORTE DE SANTANDER;54673;SAN CAYETANO;BARRIDO;2;1025;1311;78,18%;SI;;;
73;TOLIMA;73449;MELGAR;BARRIDO;3;2739;3503;78,19%;SI;;;
73;TOLIMA;73854;VALLE DE SAN JUAN;BARRIDO;3;581;743;78,20%;SI;;;
85;CASANARE;85315;SÁCAMA;MIXTO;3;355;453;78,37%;SI;;;
68;SANTANDER;68464;MOGOTES;BARRIDO;2;1829;2333;78,40%;SI;;;
05;ANTIOQUIA;5483;NARIÑO;BARRIDO;2;1243;1585;78,42%;SI;;;
17;CALDAS;17653;SALAMINA;BARRIDO;3;870;1109;78,45%;SI;;;
68;SANTANDER;68020;ALBANIA;BARRIDO;2;522;665;78,50%;SI;;;
15;BOYACÁ;15466;MONGUÍ;BARRIDO;3;511;650;78,62%;SI;;;
68;SANTANDER;68318;GUACA;BARRIDO;2;698;886;78,78%;SI;;;
05;ANTIOQUIA;5036;ANGELÓPOLIS;BARRIDO;2;187;237;78,90%;SI;;;
68;SANTANDER;68498;OCAMONTE;BARRIDO;2;693;878;78,93%;SI;;;
54;NORTE DE SANTANDER;54174;CHITAGÁ;MIXTO;2;1008;1277;78,94%;SI;;;
66;RISARALDA;66045;APÍA;BARRIDO;3;1316;1667;78,94%;SI;;;
68;SANTANDER;68296;GALÁN;BARRIDO;2;593;751;78,96%;SI;;;
05;ANTIOQUIA;5856;VALPARAÍSO;BARRIDO;2;1381;1747;79,05%;SI;;;
17;CALDAS;17541;PENSILVANIA;BARRIDO;3;898;1135;79,12%;SI;;;
15;BOYACÁ;15224;CUCAITA;BARRIDO;3;570;720;79,17%;SI;;;
76;VALLE DEL CAUCA;76377;LA CUMBRE;BARRIDO;2;456;576;79,17%;SI;;;
25;CUNDINAMARCA;25183;CHOCONTÁ;BARRIDO;2;1159;1463;79,22%;SI;;;
15;BOYACÁ;15646;SAMACÁ;BARRIDO;3;1262;1593;79,22%;SI;;;
05;ANTIOQUIA;5093;BETULIA;BARRIDO;2;2049;2585;79,26%;SI;;;
68;SANTANDER;68320;GUADALUPE;BARRIDO;2;287;362;79,28%;SI;;;
05;ANTIOQUIA;5667;SAN RAFAEL;BARRIDO;2;1907;2405;79,29%;SI;;;
25;CUNDINAMARCA;25580;PULÍ;BARRIDO;2;346;436;79,36%;SI;;;
73;TOLIMA;73024;ALPUJARRA;BARRIDO;3;527;664;79,37%;SI;;;
15;BOYACÁ;15212;COPER;BARRIDO;3;335;422;79,38%;SI;;;
25;CUNDINAMARCA;25326;GUATAVITA;BARRIDO;2;603;759;79,45%;SI;;;
05;ANTIOQUIA;5425;MACEO;BARRIDO;2;1108;1394;79,48%;SI;;;
05;ANTIOQUIA;5002;ABEJORRAL;BARRIDO;2;2007;2523;79,55%;SI;;;
05;ANTIOQUIA;5125;CAICEDO;BARRIDO;2;825;1037;79,56%;SI;;;
15;BOYACÁ;15835;TURMEQUÉ;BARRIDO;3;296;372;79,57%;SI;;;
68;SANTANDER;68217;COROMORO;BARRIDO;2;223;280;79,64%;SI;;;
15;BOYACÁ;15755;SOCOTÁ;BARRIDO;3;644;808;79,70%;SI;;;
25;CUNDINAMARCA;25386;LA MESA;BARRIDO;2;1639;2055;79,76%;SI;;;
18;CAQUETÁ;18460;MILÁN;BARRIDO;3;392;491;79,84%;SI;;;
15;BOYACÁ;15299;GARAGOA;BARRIDO;3;1382;1731;79,84%;SI;;;
19;CAUCA;19397;LA VEGA;BARRIDO;3;1119;1400;79,93%;SI;;;
05;ANTIOQUIA;5321;GUATAPE;BARRIDO;2;1729;2162;79,97%;SI;;;
15;BOYACÁ;15723;SATIVASUR;BARRIDO;3;192;240;80,00%;SI;;;
05;ANTIOQUIA;5040;ANORÍ;BARRIDO;2;1047;1308;80,05%;SI;;;
05;ANTIOQUIA;5055;ARGELIA;BARRIDO;2;1050;1311;80,09%;SI;;;
15;BOYACÁ;15223;CUBARÁ;MIXTO;3;367;458;80,13%;SI;;;
05;ANTIOQUIA;5670;SAN ROQUE;BARRIDO;2;3184;3966;80,28%;SI;;;
41;HUILA;41244;ELÍAS;BARRIDO;3;666;828;80,43%;SI;;;
68;SANTANDER;68079;BARICHARA;BARRIDO;2;939;1167;80,46%;SI;;;
68;SANTANDER;68368;JESÚS MARÍA;BARRIDO;2;519;645;80,47%;SI;;;
68;SANTANDER;68092;BETULIA;BARRIDO;2;194;241;80,50%;SI;;;
15;BOYACÁ;15090;BERBEO;BARRIDO;3;269;334;80,54%;SI;;;
68;SANTANDER;68344;HATO;BARRIDO;2;660;819;80,59%;SI;;;
15;BOYACÁ;15533;PAYA;BARRIDO;3;200;248;80,65%;SI;;;
05;ANTIOQUIA;5895;ZARAGOZA;BARRIDO;2;272;337;80,71%;SI;;;
05;ANTIOQUIA;5368;JERICÓ;BARRIDO;2;1657;2051;80,79%;SI;;;
73;TOLIMA;73563;PRADO;BARRIDO;3;526;651;80,80%;SI;;;
05;ANTIOQUIA;5310;GÓMEZ PLATA;BARRIDO;2;1368;1693;80,80%;SI;;;
15;BOYACÁ;15248;EL ESPINO;BARRIDO;3;464;574;80,84%;SI;;;
66;RISARALDA;66572;PUEBLO RICO;MIXTO;3;823;1017;80,92%;SI;;;
05;ANTIOQUIA;5250;EL BAGRE;BARRIDO;2;1989;2453;81,08%;SI;;;
15;BOYACÁ;15087;BELÉN;BARRIDO;3;1313;1619;81,10%;SI;;;
73;TOLIMA;73200;COELLO;BARRIDO;3;743;914;81,29%;SI;;;
68;SANTANDER;68176;CHIMA;BARRIDO;2;631;776;81,31%;SI;;;
54;NORTE DE SANTANDER;54418;LOURDES;BARRIDO;2;627;771;81,32%;SI;;;
68;SANTANDER;68121;CABRERA;BARRIDO;2;223;274;81,39%;SI;;;
73;TOLIMA;73873;VILLARRICA;BARRIDO;3;390;479;81,42%;SI;;;
25;CUNDINAMARCA;25258;EL PEÑÓN;BARRIDO;2;412;506;81,42%;SI;;;
41;HUILA;41016;AIPE;BARRIDO;3;900;1105;81,45%;SI;;;
15;BOYACÁ;15051;ARCABUCO;BARRIDO;3;669;820;81,59%;SI;;;
25;CUNDINAMARCA;25781;SUTATAUSA;BARRIDO;2;523;641;81,59%;SI;;;
68;SANTANDER;68432;MÁLAGA;BARRIDO;2;1937;2372;81,66%;SI;;;
41;HUILA;41668;SAN AGUSTÍN;BARRIDO;3;1668;2042;81,68%;SI;;;
41;HUILA;41006;ACEVEDO;BARRIDO;3;980;1196;81,94%;SI;;;
18;CAQUETÁ;18094;BELÉN DE LOS ANDAQUÍES;BARRIDO;3;903;1102;81,94%;SI;;;
54;NORTE DE SANTANDER;54223;CUCUTILLA;BARRIDO;2;1534;1871;81,99%;SI;;;
50;META;50450;PUERTO CONCORDIA;MIXTO;3;701;855;81,99%;SI;;;
15;BOYACÁ;15762;SORA;BARRIDO;3;451;550;82,00%;SI;;;
15;BOYACÁ;15764;SORACÁ;BARRIDO;3;608;741;82,05%;SI;;;
68;SANTANDER;68167;CHARALÁ;BARRIDO;2;1857;2259;82,20%;SI;;;
05;ANTIOQUIA;5364;JARDÍN;BARRIDO;2;865;1051;82,30%;SI;;;
50;META;50270;EL DORADO;BARRIDO;3;655;795;82,39%;SI;;;
20;CESAR;20400;LA JAGUA DE IBIRICO;MIXTO;3;2035;2469;82,42%;SI;;;
15;BOYACÁ;15187;CHIVATÁ;BARRIDO;3;381;462;82,47%;SI;;;
50;META;50606;RESTREPO;BARRIDO;3;873;1058;82,51%;SI;;;
68;SANTANDER;68179;CHIPATÁ;BARRIDO;2;657;796;82,54%;SI;;;
68;SANTANDER;68549;PINCHOTE;BARRIDO;2;857;1038;82,56%;SI;;;
05;ANTIOQUIA;5284;FRONTINO;MIXTO;2;2604;3147;82,75%;SI;;;
68;SANTANDER;68322;GUAPOTÁ;BARRIDO;2;470;568;82,75%;SI;;;
05;ANTIOQUIA;5240;EBÉJICO;BARRIDO;2;1471;1777;82,78%;SI;;;
68;SANTANDER;68895;ZAPATOCA;BARRIDO;2;635;767;82,79%;SI;;;
25;CUNDINAMARCA;25328;GUAYABAL DE SIQUIMA;BARRIDO;2;549;663;82,81%;SI;;;
05;ANTIOQUIA;5756;SONSON;BARRIDO;2;2470;2981;82,86%;SI;;;
73;TOLIMA;73349;HONDA;BARRIDO;3;2505;3020;82,95%;SI;;;
41;HUILA;41026;ALTAMIRA;BARRIDO;3;644;776;82,99%;SI;;;
54;NORTE DE SANTANDER;54743;SILOS;BARRIDO;2;605;729;82,99%;SI;;;
19;CAUCA;19450;MERCADERES;BARRIDO;3;1517;1827;83,03%;SI;;;
19;CAUCA;19100;BOLÍVAR;BARRIDO;3;2710;3261;83,10%;SI;;;
05;ANTIOQUIA;5091;BETANIA;BARRIDO;2;1223;1471;83,14%;SI;;;
05;ANTIOQUIA;5107;BRICEÑO;BARRIDO;2;227;273;83,15%;SI;;;
66;RISARALDA;66088;BELÉN DE UMBRÍA;BARRIDO;3;1594;1917;83,15%;SI;;;
15;BOYACÁ;15676;SAN MIGUEL DE SEMA;BARRIDO;3;292;351;83,19%;SI;;;
25;CUNDINAMARCA;25288;FÚQUENE;BARRIDO;2;550;661;83,21%;SI;;;
68;SANTANDER;68385;LANDÁZURI;BARRIDO;2;897;1078;83,21%;SI;;;
15;BOYACÁ;15514;PÁEZ;BARRIDO;3;229;275;83,27%;SI;;;
15;BOYACÁ;15531;PAUNA;BARRIDO;3;1083;1300;83,31%;SI;;;
73;TOLIMA;73226;CUNDAY;BARRIDO;3;949;1139;83,32%;SI;;;
15;BOYACÁ;15325;GUAYATÁ;BARRIDO;3;440;528;83,33%;SI;;;
15;BOYACÁ;15660;SAN EDUARDO;BARRIDO;3;260;312;83,33%;SI;;;
50;META;50223;SAN LUIS DE CUBARRAL;BARRIDO;3;1016;1219;83,35%;SI;;;
68;SANTANDER;68207;CONCEPCIÓN;BARRIDO;2;959;1150;83,39%;SI;;;
25;CUNDINAMARCA;25095;BITUIMA;BARRIDO;2;278;333;83,48%;SI;;;
15;BOYACÁ;15753;SOATÁ;BARRIDO;3;896;1073;83,50%;SI;;;
41;HUILA;41799;TELLO;BARRIDO;3;1201;1437;83,58%;SI;;;
05;ANTIOQUIA;5819;TOLEDO;BARRIDO;2;347;415;83,61%;SI;;;
85;CASANARE;85230;OROCUÉ;BARRIDO;3;455;544;83,64%;SI;;;
15;BOYACÁ;15861;VENTAQUEMADA;BARRIDO;3;407;486;83,74%;SI;;;
20;CESAR;20517;PAILITAS;BARRIDO;3;1001;1195;83,77%;SI;;;
50;META;50689;SAN MARTÍN;BARRIDO;3;1716;2048;83,79%;SI;;;
15;BOYACÁ;15403;LA UVITA;BARRIDO;3;507;605;83,80%;SI;;;
15;BOYACÁ;15507;OTANCHE;BARRIDO;3;1235;1473;83,84%;SI;;;
25;CUNDINAMARCA;25793;TAUSA;BARRIDO;2;784;935;83,85%;SI;;;
25;CUNDINAMARCA;25491;NOCAIMA;BARRIDO;2;281;335;83,88%;SI;;;
19;CAUCA;19533;PIAMONTE;BARRIDO;3;531;633;83,89%;SI;;;
68;SANTANDER;68229;CURITÍ;BARRIDO;2;1276;1521;83,89%;SI;;;
25;CUNDINAMARCA;25151;CAQUEZA;BARRIDO;2;2368;2822;83,91%;SI;;;
41;HUILA;41378;LA ARGENTINA;BARRIDO;3;1092;1299;84,06%;SI;;;
25;CUNDINAMARCA;25862;VERGARA;BARRIDO;2;527;626;84,19%;SI;;;
25;CUNDINAMARCA;25839;UBALÁ;BARRIDO;2;43;51;84,31%;SI;;;
13;BOLÍVAR;13222;CLEMENCIA;BARRIDO;2;1878;2226;84,37%;SI;;;
25;CUNDINAMARCA;25339;GUTIÉRREZ;BARRIDO;2;54;64;84,38%;SI;;;
68;SANTANDER;68377;LA BELLEZA;BARRIDO;2;881;1043;84,47%;SI;;;
19;CAUCA;19807;TIMBÍO;BARRIDO;3;2791;3304;84,47%;SI;;;
54;NORTE DE SANTANDER;54128;CACHIRÁ;BARRIDO;2;1056;1250;84,48%;SI;;;
15;BOYACÁ;15097;BOAVITA;BARRIDO;3;498;589;84,55%;SI;;;
68;SANTANDER;68209;CONFINES;BARRIDO;2;460;544;84,56%;SI;;;
66;RISARALDA;66456;MISTRATÓ;MIXTO;3;1023;1209;84,62%;SI;;;
05;ANTIOQUIA;5585;PUERTO NARE;BARRIDO;2;1664;1962;84,81%;SI;;;
50;META;50318;GUAMAL;BARRIDO;3;1017;1198;84,89%;SI;;;
15;BOYACÁ;15837;TUTA;BARRIDO;3;1065;1254;84,93%;SI;;;
15;BOYACÁ;15690;SANTA MARÍA;BARRIDO;3;429;505;84,95%;SI;;;
25;CUNDINAMARCA;25224;CUCUNUBÁ;BARRIDO;2;465;547;85,01%;SI;;;
15;BOYACÁ;15176;CHIQUINQUIRÁ;BARRIDO;3;5609;6597;85,02%;SI;;;
05;ANTIOQUIA;5501;OLAYA;BARRIDO;2;530;623;85,07%;SI;;;
25;CUNDINAMARCA;25592;QUEBRADANEGRA;BARRIDO;2;308;362;85,08%;SI;;;
76;VALLE DEL CAUCA;76233;DAGUA;MIXTO;2;937;1101;85,10%;SI;;;
19;CAUCA;19256;EL TAMBO;MIXTO;3;3433;4033;85,12%;SI;;;
76;VALLE DEL CAUCA;76845;ULLOA;BARRIDO;2;708;831;85,20%;SI;;;
05;ANTIOQUIA;5138;CAÑASGORDAS;BARRIDO;2;2507;2941;85,24%;SI;;;
85;CASANARE;85162;MONTERREY;BARRIDO;3;2311;2711;85,25%;SI;;;
17;CALDAS;17050;ARANZAZU;BARRIDO;3;677;794;85,26%;SI;;;
05;ANTIOQUIA;5031;AMALFI;BARRIDO;2;1796;2106;85,28%;SI;;;
05;ANTIOQUIA;5147;CAREPA;BARRIDO;2;3090;3623;85,29%;SI;;;
05;ANTIOQUIA;5809;TITIRIBÍ;BARRIDO;2;1952;2288;85,31%;SI;;;
68;SANTANDER;68101;BOLÍVAR;BARRIDO;2;889;1042;85,32%;SI;;;
05;ANTIOQUIA;5674;SAN VICENTE FERRER;BARRIDO;2;939;1100;85,36%;SI;;;
73;TOLIMA;73030;AMBALEMA;BARRIDO;3;914;1070;85,42%;SI;;;
54;NORTE DE SANTANDER;54206;CONVENCIÓN;MIXTO;2;1074;1257;85,44%;SI;;;
54;NORTE DE SANTANDER;54520;PAMPLONITA;BARRIDO;2;349;408;85,54%;SI;;;
25;CUNDINAMARCA;25506;VENECIA;BARRIDO;2;729;852;85,56%;SI;;;
05;ANTIOQUIA;5440;MARINILLA;BARRIDO;2;1591;1857;85,68%;SI;;;
50;META;50287;FUENTE DE ORO;BARRIDO;3;856;999;85,69%;SI;;;
15;BOYACÁ;15377;LABRANZAGRANDE;BARRIDO;3;481;561;85,74%;SI;;;
68;SANTANDER;68162;CERRITO;BARRIDO;2;1217;1419;85,76%;SI;;;
17;CALDAS;17513;PÁCORA;BARRIDO;3;1308;1525;85,77%;SI;;;
73;TOLIMA;73347;HERVEO;BARRIDO;3;971;1132;85,78%;SI;;;
68;SANTANDER;68669;SAN ANDRÉS;BARRIDO;2;1006;1171;85,91%;SI;;;
54;NORTE DE SANTANDER;54660;SALAZAR;BARRIDO;2;1477;1719;85,92%;SI;;;
25;CUNDINAMARCA;25290;FUSAGASUGÁ;BARRIDO;2;11863;13800;85,96%;SI;;;
05;ANTIOQUIA;5306;GIRALDO;BARRIDO;2;601;699;85,98%;SI;;;
19;CAUCA;19392;LA SIERRA;BARRIDO;3;640;744;86,02%;SI;;;
68;SANTANDER;68051;ARATOCA;BARRIDO;2;1034;1202;86,02%;SI;;;
73;TOLIMA;73686;SANTA ISABEL;BARRIDO;3;669;777;86,10%;SI;;;
68;SANTANDER;68397;LA PAZ;BARRIDO;2;465;540;86,11%;SI;;;
68;SANTANDER;68533;PÁRAMO;BARRIDO;2;987;1146;86,13%;SI;;;
05;ANTIOQUIA;5490;NECOCLÍ;BARRIDO;2;1268;1472;86,14%;SI;;;
54;NORTE DE SANTANDER;54344;HACARÍ;BARRIDO;2;687;797;86,20%;SI;;;
15;BOYACÁ;15897;ZETAQUIRA;BARRIDO;3;356;413;86,20%;SI;;;
05;ANTIOQUIA;5282;FREDONIA;BARRIDO;2;2563;2968;86,35%;SI;;;
20;CESAR;20550;PELAYA;BARRIDO;3;1184;1371;86,36%;SI;;;
05;ANTIOQUIA;5467;MONTEBELLO;BARRIDO;2;887;1027;86,37%;SI;;;
05;ANTIOQUIA;5004;ABRIAQUÍ;BARRIDO;2;602;697;86,37%;SI;;;
17;CALDAS;17272;FILADELFIA;BARRIDO;3;1065;1233;86,37%;SI;;;
85;CASANARE;85225;NUNCHÍA;BARRIDO;3;966;1118;86,40%;SI;;;
68;SANTANDER;68444;MATANZA;BARRIDO;2;617;714;86,41%;SI;;;
41;HUILA;41660;SALADOBLANCO;BARRIDO;3;606;701;86,45%;SI;;;
25;CUNDINAMARCA;25841;UBAQUE;BARRIDO;2;710;821;86,48%;SI;;;
05;ANTIOQUIA;5789;TÁMESIS;BARRIDO;2;2604;3009;86,54%;SI;;;
17;CALDAS;17486;NEIRA;BARRIDO;3;1627;1880;86,54%;SI;;;
05;ANTIOQUIA;5576;PUEBLORRICO;BARRIDO;2;1633;1886;86,59%;SI;;;
41;HUILA;41615;RIVERA;BARRIDO;3;1458;1683;86,63%;SI;;;
18;CAQUETÁ;18205;CURILLO;MIXTO;3;1215;1402;86,66%;SI;;;
05;ANTIOQUIA;5686;SANTA ROSA DE OSOS;BARRIDO;2;718;828;86,71%;SI;;;
68;SANTANDER;68745;SIMACOTA;BARRIDO;2;970;1118;86,76%;SI;;;
68;SANTANDER;68500;OIBA;BARRIDO;2;1770;2040;86,76%;SI;;;
68;SANTANDER;68266;ENCISO;BARRIDO;2;619;713;86,82%;SI;;;
25;CUNDINAMARCA;25823;TOPAIPÍ;BARRIDO;2;567;653;86,83%;SI;;;
68;SANTANDER;68720;SANTA HELENA DEL OPÓN;BARRIDO;2;185;213;86,85%;SI;;;
25;CUNDINAMARCA;25873;VILLAPINZÓN;BARRIDO;2;1462;1683;86,87%;SI;;;
25;CUNDINAMARCA;25572;PUERTO SALGAR;BARRIDO;2;1687;1942;86,87%;SI;;;
54;NORTE DE SANTANDER;54800;TEORAMA;MIXTO;2;675;777;86,87%;SI;;;
86;PUTUMAYO;86755;SAN FRANCISCO;BARRIDO;3;556;640;86,88%;SI;;;
66;RISARALDA;66687;SANTUARIO;BARRIDO;3;983;1131;86,91%;SI;;;
50;META;50245;EL CALVARIO;BARRIDO;2;226;260;86,92%;SI;;;
05;ANTIOQUIA;5697;EL SANTUARIO;BARRIDO;2;1651;1899;86,94%;SI;;;
05;ANTIOQUIA;5120;CÁCERES;BARRIDO;2;1758;2022;86,94%;SI;;;
05;ANTIOQUIA;5086;BELMIRA;BARRIDO;2;581;668;86,98%;SI;;;
25;CUNDINAMARCA;25851;ÚTICA;BARRIDO;2;942;1083;86,98%;SI;;;
70;SUCRE;70233;EL ROBLE;BARRIDO;3;1125;1293;87,01%;SI;;;
68;SANTANDER;68872;VILLANUEVA;BARRIDO;2;1717;1973;87,02%;SI;;;
05;ANTIOQUIA;5154;CAUCASIA;BARRIDO;2;9123;10482;87,03%;SI;;;
73;TOLIMA;73671;SALDAÑA;BARRIDO;3;1223;1405;87,05%;SI;;;
50;META;50711;VISTAHERMOSA;MIXTO;3;814;935;87,06%;SI;;;
50;META;50683;SAN JUAN DE ARAMA;BARRIDO;3;1044;1199;87,07%;SI;;;
73;TOLIMA;73678;SAN LUIS;BARRIDO;3;1595;1831;87,11%;SI;;;
25;CUNDINAMARCA;25779;SUSA;BARRIDO;2;1095;1257;87,11%;SI;;;
05;ANTIOQUIA;5030;AMAGÁ;BARRIDO;2;2004;2299;87,17%;SI;;;
54;NORTE DE SANTANDER;54385;LA ESPERANZA;BARRIDO;2;897;1029;87,17%;SI;;;
05;ANTIOQUIA;5660;SAN LUIS;BARRIDO;2;2200;2522;87,23%;SI;;;
15;BOYACÁ;15518;PAJARITO;BARRIDO;3;233;267;87,27%;SI;;;
15;BOYACÁ;15810;TIPACOQUE;BARRIDO;3;516;591;87,31%;SI;;;
54;NORTE DE SANTANDER;54498;OCAÑA;BARRIDO;2;6643;7606;87,34%;SI;;;
15;BOYACÁ;15476;MOTAVITA;BARRIDO;3;518;593;87,35%;SI;;;
73;TOLIMA;73770;SUÁREZ;BARRIDO;3;181;207;87,44%;SI;;;
25;CUNDINAMARCA;25649;SAN BERNARDO;BARRIDO;2;817;934;87,47%;SI;;;
68;SANTANDER;68013;AGUADA;BARRIDO;2;91;104;87,50%;SI;;;
05;ANTIOQUIA;5190;CISNEROS;BARRIDO;2;1605;1833;87,56%;SI;;;
05;ANTIOQUIA;5051;ARBOLETES;BARRIDO;2;1591;1817;87,56%;SI;;;
05;ANTIOQUIA;5847;URRAO;MIXTO;2;3423;3909;87,57%;SI;;;
15;BOYACÁ;15516;PAIPA;BARRIDO;3;2974;3396;87,57%;SI;;;
19;CAUCA;19022;ALMAGUER;BARRIDO;3;1389;1586;87,58%;SI;;;
41;HUILA;41530;PALESTINA;BARRIDO;3;854;975;87,59%;SI;;;
05;ANTIOQUIA;5656;SAN JERÓNIMO;BARRIDO;2;2111;2410;87,59%;SI;;;
25;CUNDINAMARCA;25398;LA PEÑA;BARRIDO;2;660;753;87,65%;SI;;;
23;CÓRDOBA;23419;LOS CÓRDOBAS;BARRIDO;3;444;506;87,75%;SI;;;
15;BOYACÁ;15832;TUNUNGUÁ;BARRIDO;3;237;270;87,78%;SI;;;
25;CUNDINAMARCA;25053;ARBELÁEZ;BARRIDO;2;1157;1318;87,78%;SI;;;
52;NARIÑO;52885;YACUANQUER;BARRIDO;3;259;295;87,80%;SI;;;
05;ANTIOQUIA;5890;YOLOMBÓ;BARRIDO;2;1981;2256;87,81%;SI;;;
05;ANTIOQUIA;5021;ALEJANDRÍA;BARRIDO;2;1131;1287;87,88%;SI;;;
68;SANTANDER;68077;BARBOSA;BARRIDO;2;3447;3922;87,89%;SI;;;
15;BOYACÁ;15693;SANTA ROSA DE VITERBO;BARRIDO;3;1981;2253;87,93%;SI;;;
05;ANTIOQUIA;5591;PUERTO TRIUNFO;BARRIDO;2;1291;1468;87,94%;SI;;;
25;CUNDINAMARCA;25845;UNE;BARRIDO;2;1121;1274;87,99%;SI;;;
50;META;50370;URIBE;MIXTO;3;676;768;88,02%;SI;;;
54;NORTE DE SANTANDER;54599;RAGONVALIA;BARRIDO;2;1264;1435;88,08%;SI;;;
25;CUNDINAMARCA;25324;GUATAQUÍ;BARRIDO;2;646;733;88,13%;SI;;;
05;ANTIOQUIA;5038;ANGOSTURA;BARRIDO;2;1041;1181;88,15%;SI;;;
18;CAQUETÁ;18247;EL DONCELLO;BARRIDO;3;2451;2780;88,17%;SI;;;
19;CAUCA;19142;CALOTO;BARRIDO;3;1044;1184;88,18%;SI;;;
44;LA GUAJIRA;44078;BARRANCAS;BARRIDO;3;1663;1886;88,18%;SI;;;
41;HUILA;41676;SANTA MARÍA;BARRIDO;3;1293;1466;88,20%;SI;;;
85;CASANARE;85136;LA SALINA;BARRIDO;3;202;229;88,21%;SI;;;
68;SANTANDER;68245;EL GUACAMAYO;BARRIDO;2;315;357;88,24%;SI;;;
15;BOYACÁ;15322;GUATEQUE;BARRIDO;3;1126;1276;88,24%;SI;;;
15;BOYACÁ;15401;LA VICTORIA;BARRIDO;3;287;325;88,31%;SI;;;
68;SANTANDER;68524;PALMAS DEL SOCORRO;BARRIDO;2;121;137;88,32%;SI;;;
25;CUNDINAMARCA;25518;PAIME;BARRIDO;2;712;806;88,34%;SI;;;
68;SANTANDER;68147;CAPITANEJO;BARRIDO;2;1444;1634;88,37%;SI;;;
41;HUILA;41020;ALGECIRAS;BARRIDO;3;1135;1284;88,40%;SI;;;
68;SANTANDER;68861;VÉLEZ;BARRIDO;2;2581;2918;88,45%;SI;;;
13;BOLÍVAR;13836;TURBACO;BARRIDO;2;6408;7244;88,46%;SI;;;
25;CUNDINAMARCA;25040;ANOLAIMA;BARRIDO;2;2321;2622;88,52%;SI;;;
54;NORTE DE SANTANDER;54239;DURANIA;BARRIDO;2;997;1126;88,54%;SI;;;
15;BOYACÁ;15759;SOGAMOSO;BARRIDO;3;5631;6354;88,62%;SI;;;
63;QUINDIO;63548;PIJAO;BARRIDO;3;867;978;88,65%;SI;;;
05;ANTIOQUIA;5101;CIUDAD BOLÍVAR;BARRIDO;2;2748;3099;88,67%;SI;;;
68;SANTANDER;68679;SAN GIL;BARRIDO;2;6172;6960;88,68%;SI;;;
41;HUILA;41013;AGRADO;BARRIDO;3;905;1020;88,73%;SI;;;
68;SANTANDER;68855;VALLE DE SAN JOSÉ;BARRIDO;2;1158;1305;88,74%;SI;;;
05;ANTIOQUIA;5885;YALÍ;BARRIDO;2;879;990;88,79%;SI;;;
25;CUNDINAMARCA;25168;CHAGUANÍ;BARRIDO;2;604;680;88,82%;SI;;;
54;NORTE DE SANTANDER;54398;LA PLAYA;BARRIDO;2;684;770;88,83%;SI;;;
15;BOYACÁ;15806;TIBASOSA;BARRIDO;3;1481;1667;88,84%;SI;;;
50;META;50124;CABUYARO;BARRIDO;3;255;287;88,85%;SI;;;
85;CASANARE;85125;HATO COROZAL;MIXTO;3;526;592;88,85%;SI;;;
54;NORTE DE SANTANDER;54313;GRAMALOTE;BARRIDO;2;694;781;88,86%;SI;;;
17;CALDAS;17442;MARMATO;BARRIDO;3;24;27;88,89%;NO;;;
17;CALDAS;17665;SAN JOSÉ;BARRIDO;3;659;741;88,93%;SI;;;
19;CAUCA;19622;ROSAS;BARRIDO;3;1433;1611;88,95%;SI;;;
68;SANTANDER;68572;PUENTE NACIONAL;BARRIDO;2;2079;2337;88,96%;SI;;;
19;CAUCA;19075;BALBOA;BARRIDO;3;1991;2238;88,96%;SI;;;
05;ANTIOQUIA;5361;ITUANGO;MIXTO;2;2595;2916;88,99%;SI;;;
05;ANTIOQUIA;5034;ANDES;BARRIDO;2;3868;4346;89,00%;SI;;;
25;CUNDINAMARCA;25377;LA CALERA;BARRIDO;2;1280;1438;89,01%;SI;;;
05;ANTIOQUIA;5647;SAN ANDRÉS DE CUERQUÍA;BARRIDO;2;114;128;89,06%;SI;;;
76;VALLE DEL CAUCA;76890;YOTOCO;BARRIDO;2;57;64;89,06%;SI;;;
50;META;50006;ACACÍAS;BARRIDO;3;5785;6493;89,10%;SI;;;
68;SANTANDER;68770;SUAITA;BARRIDO;2;1353;1517;89,19%;SI;;;
41;HUILA;41078;BARAYA;BARRIDO;3;1016;1138;89,28%;SI;;;
05;ANTIOQUIA;5308;GIRARDOTA;BARRIDO;2;3601;4033;89,29%;SI;;;
15;BOYACÁ;15600;RÁQUIRA;BARRIDO;3;509;570;89,30%;SI;;;
05;ANTIOQUIA;5792;TARSO;BARRIDO;2;652;730;89,32%;SI;;;
17;CALDAS;17614;RIOSUCIO;MIXTO;3;510;571;89,32%;SI;;;
41;HUILA;41872;VILLAVIEJA;BARRIDO;3;649;726;89,39%;SI;;;
15;BOYACÁ;15380;LA CAPILLA;BARRIDO;3;364;407;89,43%;SI;;;
25;CUNDINAMARCA;25871;VILLAGÓMEZ;BARRIDO;2;195;218;89,45%;SI;;;
63;QUINDIO;63111;BUENAVISTA;BARRIDO;3;484;541;89,46%;SI;;;
86;PUTUMAYO;86865;VALLE DEL GUAMUEZ;BARRIDO;3;1473;1646;89,49%;SI;;;
73;TOLIMA;73043;ANZOÁTEGUI;BARRIDO;3;980;1095;89,50%;SI;;;
41;HUILA;41548;PITAL;BARRIDO;3;1143;1276;89,58%;SI;;;
70;SUCRE;70523;PALMITO;BARRIDO;3;1507;1682;89,60%;SI;;;
13;BOLÍVAR;13030;ALTOS DEL ROSARIO;BARRIDO;2;346;386;89,64%;SI;;;
54;NORTE DE SANTANDER;54405;LOS PATIOS;BARRIDO;2;5512;6149;89,64%;SI;;;
70;SUCRE;70418;LOS PALMITOS;BARRIDO;3;2230;2487;89,67%;SI;;;
17;CALDAS;17042;ANSERMA;BARRIDO;3;2352;2622;89,70%;SI;;;
86;PUTUMAYO;86569;PUERTO CAICEDO;MIXTO;3;819;913;89,70%;SI;;;
05;ANTIOQUIA;5209;CONCORDIA;BARRIDO;2;2445;2725;89,72%;SI;;;
05;ANTIOQUIA;5400;LA UNIÓN;BARRIDO;2;1895;2111;89,77%;SI;;;
05;ANTIOQUIA;5480;MUTATÁ;BARRIDO;2;1444;1608;89,80%;SI;;;
86;PUTUMAYO;86757;SAN MIGUEL;BARRIDO;3;776;864;89,81%;SI;;;
41;HUILA;41885;YAGUARÁ;BARRIDO;3;795;885;89,83%;SI;;;
81;ARAUCA;81794;TAME;MIXTO;3;4620;5130;90,06%;SI;;;
13;BOLÍVAR;13810;TIQUISIO;BARRIDO;2;1173;1302;90,09%;SI;;;
19;CAUCA;19548;PIENDAMÓ;BARRIDO;3;3118;3459;90,14%;SI;;;
25;CUNDINAMARCA;25335;GUAYABETAL;BARRIDO;2;933;1035;90,14%;SI;;;
17;CALDAS;17877;VITERBO;BARRIDO;3;753;835;90,18%;SI;;;
85;CASANARE;85279;RECETOR;BARRIDO;3;92;102;90,20%;SI;;;
15;BOYACÁ;15425;MACANAL;BARRIDO;3;499;553;90,24%;SI;;;
68;SANTANDER;68755;SOCORRO;BARRIDO;2;3439;3811;90,24%;SI;;;
73;TOLIMA;73443;SAN SEBASTIÁN DE MARIQUITA;BARRIDO;3;2816;3120;90,26%;SI;;;
23;CÓRDOBA;23466;MONTELÍBANO;BARRIDO;3;1806;2000;90,30%;SI;;;
05;ANTIOQUIA;5837;TURBO;BARRIDO;2;2202;2437;90,36%;SI;;;
25;CUNDINAMARCA;25718;SASAIMA;BARRIDO;2;984;1089;90,36%;SI;;;
66;RISARALDA;66075;BALBOA;BARRIDO;3;778;861;90,36%;SI;;;
05;ANTIOQUIA;5079;BARBOSA;BARRIDO;2;3452;3820;90,37%;SI;;;
54;NORTE DE SANTANDER;54874;VILLA DEL ROSARIO;BARRIDO;2;7332;8112;90,38%;SI;;;
73;TOLIMA;73624;ROVIRA;BARRIDO;3;1329;1470;90,41%;SI;;;
05;ANTIOQUIA;5579;PUERTO BERRÍO;BARRIDO;2;3973;4394;90,42%;SI;;;
54;NORTE DE SANTANDER;54720;SARDINATA;BARRIDO;2;3121;3451;90,44%;SI;;;
86;PUTUMAYO;86885;VILLAGARZÓN;BARRIDO;3;1217;1344;90,55%;SI;;;
05;ANTIOQUIA;5353;HISPANIA;BARRIDO;2;931;1028;90,56%;SI;;;
76;VALLE DEL CAUCA;76054;ARGELIA;BARRIDO;2;645;712;90,59%;SI;;;
15;BOYACÁ;15820;TÓPAGA;BARRIDO;3;455;502;90,64%;SI;;;
25;CUNDINAMARCA;25596;QUIPILE;BARRIDO;2;649;716;90,64%;SI;;;
25;CUNDINAMARCA;25867;VIANÍ;BARRIDO;2;507;559;90,70%;SI;;;
15;BOYACÁ;15572;PUERTO BOYACÁ;BARRIDO;3;2500;2755;90,74%;SI;;;
76;VALLE DEL CAUCA;76246;EL CAIRO;BARRIDO;2;383;422;90,76%;SI;;;
20;CESAR;20060;BOSCONIA;BARRIDO;3;2446;2695;90,76%;SI;;;
41;HUILA;41503;OPORAPA;BARRIDO;3;925;1019;90,78%;SI;;;
63;QUINDIO;63690;SALENTO;BARRIDO;3;712;784;90,82%;SI;;;
15;BOYACÁ;15238;DUITAMA;BARRIDO;3;8303;9142;90,82%;SI;;;
70;SUCRE;70708;SAN MARCOS;BARRIDO;3;4179;4598;90,89%;SI;;;
13;BOLÍVAR;13188;CICUCO;BARRIDO;2;920;1012;90,91%;SI;;;
25;CUNDINAMARCA;25181;CHOACHÍ;BARRIDO;2;1021;1123;90,92%;SI;;;
41;HUILA;41206;COLOMBIA;BARRIDO;3;561;617;90,92%;SI;;;
70;SUCRE;70265;GUARANDA;BARRIDO;3;1733;1905;90,97%;SI;;;
08;ATLÁNTICO;8573;PUERTO COLOMBIA;BARRIDO;2;4830;5308;90,99%;SI;;;
15;BOYACÁ;15686;SANTANA;BARRIDO;3;981;1078;91,00%;SI;;;
19;CAUCA;19130;CAJIBÍO;BARRIDO;3;2058;2261;91,02%;SI;;;
05;ANTIOQUIA;5631;SABANETA;BARRIDO;2;3219;3535;91,06%;SI;;;
25;CUNDINAMARCA;25885;YACOPÍ;BARRIDO;2;978;1074;91,06%;SI;;;
05;ANTIOQUIA;5665;SAN PEDRO DE URABA;BARRIDO;2;2091;2296;91,07%;SI;;;
41;HUILA;41797;TESALIA;BARRIDO;3;1093;1200;91,08%;SI;;;
76;VALLE DEL CAUCA;76622;ROLDANILLO;BARRIDO;2;1992;2187;91,08%;SI;;;
05;ANTIOQUIA;5172;CHIGORODÓ;BARRIDO;2;3729;4094;91,08%;SI;;;
23;CÓRDOBA;23675;SAN BERNARDO DEL VIENTO;BARRIDO;3;564;619;91,11%;SI;;;
25;CUNDINAMARCA;25320;GUADUAS;BARRIDO;2;911;999;91,19%;SI;;;
25;CUNDINAMARCA;25878;VIOTÁ;BARRIDO;2;862;945;91,22%;SI;;;
41;HUILA;41524;PALERMO;BARRIDO;3;1714;1879;91,22%;SI;;;
54;NORTE DE SANTANDER;54051;ARBOLEDAS;BARRIDO;2;1557;1706;91,27%;SI;;;
76;VALLE DEL CAUCA;76606;RESTREPO;BARRIDO;2;691;757;91,28%;SI;;;
50;META;50686;SAN JUANITO;BARRIDO;2;199;218;91,28%;SI;;;
18;CAQUETÁ;18001;FLORENCIA;BARRIDO;3;13112;14357;91,33%;SI;;;
25;CUNDINAMARCA;25653;SAN CAYETANO;BARRIDO;2;359;393;91,35%;SI;;;
76;VALLE DEL CAUCA;76109;BUENAVENTURA;MIXTO;2;180;197;91,37%;SI;;;
15;BOYACÁ;15236;CHIVOR;BARRIDO;3;298;326;91,41%;SI;;;
76;VALLE DEL CAUCA;76892;YUMBO;BARRIDO;2;2504;2739;91,42%;SI;;;
50;META;50251;EL CASTILLO;BARRIDO;3;908;993;91,44%;SI;;;
70;SUCRE;70110;BUENAVISTA;BARRIDO;3;1635;1788;91,44%;SI;;;
05;ANTIOQUIA;5854;VALDIVIA;BARRIDO;2;462;505;91,49%;SI;;;
05;ANTIOQUIA;5642;SALGAR;BARRIDO;2;1699;1857;91,49%;SI;;;
54;NORTE DE SANTANDER;54480;MUTISCUA;BARRIDO;2;239;261;91,57%;SI;;;
66;RISARALDA;66170;DOSQUEBRADAS;BARRIDO;3;8103;8848;91,58%;SI;;;
05;ANTIOQUIA;5148;EL CARMEN DE VIBORAL;BARRIDO;2;802;875;91,66%;SI;;;
70;SUCRE;70717;SAN PEDRO;BARRIDO;3;1988;2167;91,74%;SI;;;
76;VALLE DEL CAUCA;76863;VERSALLES;BARRIDO;2;325;354;91,81%;SI;;;
73;TOLIMA;73585;PURIFICACIÓN;BARRIDO;3;1609;1752;91,84%;SI;;;
08;ATLÁNTICO;8685;SANTO TOMÁS;BARRIDO;2;2345;2553;91,85%;SI;;;
68;SANTANDER;68418;LOS SANTOS;BARRIDO;2;1252;1363;91,86%;SI;;;
05;ANTIOQUIA;5604;REMEDIOS;BARRIDO;2;1063;1157;91,88%;SI;;;
70;SUCRE;70429;MAJAGUAL;BARRIDO;3;2899;3154;91,92%;SI;;;
63;QUINDIO;63190;CIRCASIA;BARRIDO;3;2475;2692;91,94%;SI;;;
54;NORTE DE SANTANDER;54261;EL ZULIA;BARRIDO;2;2460;2674;92,00%;SI;;;
08;ATLÁNTICO;8549;PIOJÓ;BARRIDO;2;1548;1682;92,03%;SI;;;
76;VALLE DEL CAUCA;76248;EL CERRITO;BARRIDO;2;788;856;92,06%;SI;;;
54;NORTE DE SANTANDER;54871;VILLA CARO;BARRIDO;2;951;1033;92,06%;SI;;;
73;TOLIMA;73504;ORTEGA;BARRIDO;3;968;1051;92,10%;SI;;;
68;SANTANDER;68684;SAN JOSÉ DE MIRANDA;BARRIDO;2;456;495;92,12%;SI;;;
17;CALDAS;17444;MARQUETALIA;BARRIDO;3;1778;1930;92,12%;SI;;;
17;CALDAS;17433;MANZANARES;BARRIDO;3;960;1042;92,13%;SI;;;
85;CASANARE;85250;PAZ DE ARIPORO;MIXTO;3;645;700;92,14%;SI;;;
25;CUNDINAMARCA;25317;GUACHETÁ;BARRIDO;2;1733;1878;92,28%;SI;;;
76;VALLE DEL CAUCA;76736;SEVILLA;BARRIDO;2;3326;3603;92,31%;SI;;;
20;CESAR;20614;RÍO DE ORO;BARRIDO;3;1541;1669;92,33%;SI;;;
18;CAQUETÁ;18256;EL PAUJIL;BARRIDO;3;964;1044;92,34%;SI;;;
76;VALLE DEL CAUCA;76036;ANDALUCÍA;BARRIDO;2;726;786;92,37%;SI;;;
13;BOLÍVAR;13248;EL GUAMO;BARRIDO;2;849;919;92,38%;SI;;;
54;NORTE DE SANTANDER;54003;ABREGO;BARRIDO;2;2382;2578;92,40%;SI;;;
13;BOLÍVAR;13667;SAN MARTÍN DE LOBA;BARRIDO;2;1967;2128;92,43%;SI;;;
54;NORTE DE SANTANDER;54125;CÁCOTA;BARRIDO;2;440;476;92,44%;SI;;;
63;QUINDIO;63001;ARMENIA;BARRIDO;3;17305;18718;92,45%;SI;;;
41;HUILA;41319;GUADALUPE;BARRIDO;3;1847;1997;92,49%;SI;;;
17;CALDAS;17388;LA MERCED;BARRIDO;3;618;668;92,51%;SI;;;
54;NORTE DE SANTANDER;54820;TOLEDO;MIXTO;2;2638;2851;92,53%;SI;;;
13;BOLÍVAR;13006;ACHÍ;BARRIDO;2;273;295;92,54%;SI;;;
70;SUCRE;70235;GALERAS;BARRIDO;3;2315;2501;92,56%;SI;;;
20;CESAR;20045;BECERRIL;MIXTO;3;1096;1183;92,65%;SI;;;
68;SANTANDER;68255;EL PLAYÓN;BARRIDO;2;2247;2424;92,70%;SI;;;
66;RISARALDA;66383;LA CELIA;BARRIDO;3;711;767;92,70%;SI;;;
15;BOYACÁ;15215;CORRALES;BARRIDO;3;434;468;92,74%;SI;;;
63;QUINDIO;63401;LA TEBAIDA;BARRIDO;3;2580;2781;92,77%;SI;;;
50;META;50226;CUMARAL;BARRIDO;3;1896;2042;92,85%;SI;;;
76;VALLE DEL CAUCA;76869;VIJES;BARRIDO;2;1104;1189;92,85%;SI;;;
99;VICHADA;99624;SANTA ROSALÍA;BARRIDO;3;314;338;92,90%;SI;;;
73;TOLIMA;73067;ATACO;BARRIDO;3;933;1004;92,93%;SI;;;
13;BOLÍVAR;13683;SANTA ROSA;BARRIDO;2;1856;1997;92,94%;SI;;;
76;VALLE DEL CAUCA;76122;CAICEDONIA;BARRIDO;2;1464;1574;93,01%;SI;;;
70;SUCRE;70771;SUCRE;BARRIDO;3;1479;1590;93,02%;SI;;;
15;BOYACÁ;15135;CAMPOHERMOSO;BARRIDO;3;187;201;93,03%;SI;;;
23;CÓRDOBA;23500;MOÑITOS;BARRIDO;3;174;187;93,05%;SI;;;
54;NORTE DE SANTANDER;54245;EL CARMEN;MIXTO;2;553;594;93,10%;SI;;;
15;BOYACÁ;15761;SOMONDOCO;BARRIDO;3;475;510;93,14%;SI;;;
54;NORTE DE SANTANDER;54001;CÚCUTA;BARRIDO;2;31440;33744;93,17%;SI;;;
85;CASANARE;85015;CHAMEZA;BARRIDO;3;273;293;93,17%;SI;;;
08;ATLÁNTICO;8137;CAMPO DE LA CRUZ;BARRIDO;2;3262;3499;93,23%;SI;;;
17;CALDAS;17873;VILLAMARÍA;BARRIDO;3;2729;2926;93,27%;SI;;;
44;LA GUAJIRA;44110;EL MOLINO;BARRIDO;3;777;833;93,28%;SI;;;
25;CUNDINAMARCA;25394;LA PALMA;BARRIDO;2;688;737;93,35%;SI;;;
76;VALLE DEL CAUCA;76020;ALCALÁ;BARRIDO;2;956;1024;93,36%;SI;;;
73;TOLIMA;73152;CASABIANCA;BARRIDO;3;874;936;93,38%;SI;;;
73;TOLIMA;73547;PIEDRAS;BARRIDO;3;745;797;93,48%;SI;;;
73;TOLIMA;73622;RONCESVALLES;BARRIDO;3;473;506;93,48%;SI;;;
68;SANTANDER;68001;BUCARAMANGA;BARRIDO;2;44874;47964;93,56%;SI;;;
68;SANTANDER;68615;RIONEGRO;BARRIDO;2;1736;1855;93,58%;SI;;;
05;ANTIOQUIA;5736;SEGOVIA;BARRIDO;2;2166;2313;93,64%;SI;;;
25;CUNDINAMARCA;25489;NIMAIMA;BARRIDO;2;239;255;93,73%;SI;;;
66;RISARALDA;66400;LA VIRGINIA;BARRIDO;3;971;1036;93,73%;SI;;;
41;HUILA;41132;CAMPOALEGRE;BARRIDO;3;2006;2138;93,83%;SI;;;
68;SANTANDER;68160;CEPITÁ;BARRIDO;2;233;248;93,95%;SI;;;
05;ANTIOQUIA;5212;COPACABANA;BARRIDO;2;1898;2020;93,96%;SI;;;
73;TOLIMA;73026;ALVARADO;BARRIDO;3;813;865;93,99%;SI;;;
85;CASANARE;85263;PORE;BARRIDO;3;1066;1134;94,00%;SI;;;
54;NORTE DE SANTANDER;54250;EL TARRA;MIXTO;2;1381;1469;94,01%;SI;;;
25;CUNDINAMARCA;25599;APULO;BARRIDO;2;1274;1354;94,09%;SI;;;
73;TOLIMA;73270;FALAN;BARRIDO;3;559;594;94,11%;SI;;;
68;SANTANDER;68307;GIRÓN;BARRIDO;2;6129;6511;94,13%;SI;;;
73;TOLIMA;73861;VENADILLO;BARRIDO;3;1463;1554;94,14%;SI;;;
15;BOYACÁ;15757;SOCHA;BARRIDO;3;1153;1224;94,20%;SI;;;
08;ATLÁNTICO;8849;USIACURÍ;BARRIDO;2;2728;2895;94,23%;SI;;;
17;CALDAS;17867;VICTORIA;BARRIDO;3;905;960;94,27%;SI;;;
76;VALLE DEL CAUCA;76250;EL DOVIO;BARRIDO;2;642;681;94,27%;SI;;;
25;CUNDINAMARCA;25438;MEDINA;BARRIDO;3;910;965;94,30%;SI;;;
63;QUINDIO;63302;GÉNOVA;BARRIDO;3;1077;1142;94,31%;SI;;;
19;CAUCA;19050;ARGELIA;BARRIDO;3;1276;1353;94,31%;SI;;;
15;BOYACÁ;15480;MUZO;BARRIDO;3;1169;1239;94,35%;SI;;;
73;TOLIMA;73319;GUAMO;BARRIDO;3;2099;2224;94,38%;SI;;;
25;CUNDINAMARCA;25099;BOJACÁ;BARRIDO;2;1441;1526;94,43%;SI;;;
15;BOYACÁ;15580;QUÍPAMA;BARRIDO;3;545;577;94,45%;SI;;;
85;CASANARE;85440;VILLANUEVA;BARRIDO;3;1609;1703;94,48%;SI;;;
66;RISARALDA;66440;MARSELLA;BARRIDO;3;1592;1685;94,48%;SI;;;
41;HUILA;41359;ISNOS;BARRIDO;3;1544;1634;94,49%;SI;;;
13;BOLÍVAR;13430;MAGANGUÉ;BARRIDO;2;7248;7658;94,65%;SI;;;
68;SANTANDER;68547;PIEDECUESTA;BARRIDO;2;13497;14258;94,66%;SI;;;
25;CUNDINAMARCA;25805;TIBACUY;BARRIDO;2;568;600;94,67%;SI;;;
73;TOLIMA;73411;LÍBANO;BARRIDO;3;2602;2747;94,72%;SI;;;
19;CAUCA;19785;SUCRE;BARRIDO;3;611;645;94,73%;SI;;;
50;META;50568;PUERTO GAITÁN;MIXTO;3;2015;2127;94,73%;SI;;;
76;VALLE DEL CAUCA;76563;PRADERA;BARRIDO;2;1605;1694;94,75%;SI;;;
19;CAUCA;19698;SANTANDER DE QUILICHAO;BARRIDO;3;3979;4199;94,76%;SI;;;
86;PUTUMAYO;86749;SIBUNDOY;BARRIDO;3;819;864;94,79%;SI;;;
15;BOYACÁ;15491;NOBSA;BARRIDO;3;2551;2691;94,80%;SI;;;
13;BOLÍVAR;13074;BARRANCO DE LOBA;BARRIDO;2;748;789;94,80%;SI;;;
50;META;50590;PUERTO RICO;MIXTO;3;1323;1394;94,91%;SI;;;
05;ANTIOQUIA;5088;BELLO;BARRIDO;2;17940;18896;94,94%;SI;;;
73;TOLIMA;73555;PLANADAS;BARRIDO;3;1038;1093;94,97%;SI;;;
15;BOYACÁ;15664;SAN JOSÉ DE PARE;BARRIDO;3;268;282;95,04%;SI;;;
15;BOYACÁ;15001;TUNJA;BARRIDO;3;10502;11047;95,07%;SI;;;
17;CALDAS;17013;AGUADAS;BARRIDO;3;1042;1096;95,07%;SI;;;
70;SUCRE;70823;TOLÚ VIEJO;BARRIDO;3;1704;1792;95,09%;SI;;;
76;VALLE DEL CAUCA;76520;PALMIRA;BARRIDO;2;6089;6402;95,11%;SI;;;
13;BOLÍVAR;13654;SAN JACINTO;BARRIDO;2;1831;1925;95,12%;SI;;;
86;PUTUMAYO;86760;SANTIAGO;BARRIDO;3;627;659;95,14%;SI;;;
73;TOLIMA;73001;IBAGUÉ;BARRIDO;3;28225;29647;95,20%;SI;;;
76;VALLE DEL CAUCA;76400;LA UNIÓN;BARRIDO;2;2148;2256;95,21%;SI;;;
47;MAGDALENA;47001;SANTA MARTA;MIXTO;3;13751;14442;95,22%;SI;;;
63;QUINDIO;63594;QUIMBAYA;BARRIDO;3;2510;2633;95,33%;SI;;;
86;PUTUMAYO;86219;COLÓN;BARRIDO;3;286;300;95,33%;SI;;;
05;ANTIOQUIA;5615;RIONEGRO;BARRIDO;2;1502;1575;95,37%;SI;;;
13;BOLÍVAR;13894;ZAMBRANO;BARRIDO;2;2016;2113;95,41%;SI;;;
76;VALLE DEL CAUCA;76275;FLORIDA;BARRIDO;2;1562;1637;95,42%;SI;;;
66;RISARALDA;66682;SANTA ROSA DE CABAL;BARRIDO;3;4180;4380;95,43%;SI;;;
68;SANTANDER;68276;FLORIDABLANCA;BARRIDO;2;12302;12879;95,52%;SI;;;
73;TOLIMA;73870;VILLAHERMOSA;BARRIDO;3;832;871;95,52%;SI;;;
13;BOLÍVAR;13673;SANTA CATALINA;BARRIDO;2;1519;1590;95,53%;SI;;;
18;CAQUETÁ;18610;SAN JOSÉ DEL FRAGUA;BARRIDO;3;1030;1078;95,55%;SI;;;
25;CUNDINAMARCA;25777;SUPATÁ;BARRIDO;2;925;968;95,56%;SI;;;
08;ATLÁNTICO;8558;POLONUEVO;BARRIDO;2;3854;4032;95,59%;SI;;;
70;SUCRE;70742;SAN LUIS DE SINCÉ;BARRIDO;3;3613;3779;95,61%;SI;;;
76;VALLE DEL CAUCA;76318;GUACARÍ;BARRIDO;2;1656;1732;95,61%;SI;;;
25;CUNDINAMARCA;25758;SOPÓ;BARRIDO;2;1381;1444;95,64%;SI;;;
63;QUINDIO;63272;FILANDIA;BARRIDO;3;1516;1585;95,65%;SI;;;
18;CAQUETÁ;18860;VALPARAÍSO;BARRIDO;3;684;715;95,66%;SI;;;
05;ANTIOQUIA;5390;LA PINTADA;BARRIDO;2;685;716;95,67%;SI;;;
50;META;50150;CASTILLA LA NUEVA;BARRIDO;3;1287;1345;95,69%;SI;;;
63;QUINDIO;63212;CÓRDOBA;BARRIDO;3;645;674;95,70%;SI;;;
70;SUCRE;70820;SANTIAGO DE TOLÚ;BARRIDO;3;1695;1771;95,71%;SI;;;
13;BOLÍVAR;13433;MAHATES;BARRIDO;2;2654;2772;95,74%;SI;;;
50;META;50313;GRANADA;BARRIDO;3;4749;4955;95,84%;SI;;;
25;CUNDINAMARCA;25407;LENGUAZAQUE;BARRIDO;2;1074;1119;95,98%;SI;;;
15;BOYACÁ;15667;SAN LUIS DE GACENO;BARRIDO;3;406;423;95,98%;SI;;;
05;ANTIOQUIA;5376;LA CEJA;BARRIDO;2;1347;1403;96,01%;SI;;;
25;CUNDINAMARCA;25899;ZIPAQUIRÁ;BARRIDO;2;4959;5163;96,05%;SI;;;
20;CESAR;20787;TAMALAMEQUE;BARRIDO;3;662;689;96,08%;SI;;;
70;SUCRE;70678;SAN BENITO ABAD;BARRIDO;3;1475;1534;96,15%;SI;;;
47;MAGDALENA;47605;REMOLINO;BARRIDO;3;152;158;96,20%;SI;;;
68;SANTANDER;68235;EL CARMEN DE CHUCURÍ;BARRIDO;2;1077;1119;96,25%;SI;;;
66;RISARALDA;66001;PEREIRA;BARRIDO;3;15426;16018;96,30%;SI;;;
50;META;50400;LEJANÍAS;BARRIDO;3;1696;1761;96,31%;SI;;;
18;CAQUETÁ;18410;LA MONTAÑITA;BARRIDO;3;484;502;96,41%;SI;;;
76;VALLE DEL CAUCA;76100;BOLÍVAR;BARRIDO;2;352;365;96,44%;SI;;;
25;CUNDINAMARCA;25473;MOSQUERA;BARRIDO;2;3741;3875;96,54%;SI;;;
08;ATLÁNTICO;8832;TUBARÁ;BARRIDO;2;2378;2463;96,55%;SI;;;
25;CUNDINAMARCA;25769;SUBACHOQUE;BARRIDO;2;1909;1977;96,56%;SI;;;
13;BOLÍVAR;13647;SAN ESTANISLAO;BARRIDO;2;2193;2270;96,61%;SI;;;
47;MAGDALENA;47570;PUEBLOVIEJO;BARRIDO;3;319;330;96,67%;SI;;;
41;HUILA;41791;TARQUI;BARRIDO;3;1989;2057;96,69%;SI;;;
73;TOLIMA;73168;CHAPARRAL;BARRIDO;3;3670;3794;96,73%;SI;;;
20;CESAR;20011;AGUACHICA;BARRIDO;3;3593;3713;96,77%;SI;;;
18;CAQUETÁ;18479;MORELIA;BARRIDO;3;459;474;96,84%;SI;;;
88;SAN ANDRÉS;88564;PROVIDENCIA;BARRIDO;2;501;517;96,91%;SI;;;
66;RISARALDA;66318;GUÁTICA;BARRIDO;3;1663;1716;96,91%;SI;;;
73;TOLIMA;73483;NATAGAIMA;BARRIDO;3;314;324;96,91%;SI;;;
73;TOLIMA;73236;DOLORES;BARRIDO;3;1039;1072;96,92%;SI;;;
08;ATLÁNTICO;8560;PONEDERA;BARRIDO;2;3650;3765;96,95%;SI;;;
13;BOLÍVAR;13473;MORALES;BARRIDO;2;619;638;97,02%;SI;;;
54;NORTE DE SANTANDER;54810;TIBÚ;MIXTO;2;1705;1757;97,04%;SI;;;
05;ANTIOQUIA;5113;BURITICÁ;BARRIDO;2;199;205;97,07%;SI;;;
70;SUCRE;70204;COLOSO;BARRIDO;3;1166;1201;97,09%;SI;;;
81;ARAUCA;81736;SARAVENA;MIXTO;3;5830;6001;97,15%;SI;;;
41;HUILA;41807;TIMANÁ;BARRIDO;3;1646;1694;97,17%;SI;;;
13;BOLÍVAR;13650;SAN FERNANDO;BARRIDO;2;2001;2059;97,18%;SI;;;
47;MAGDALENA;47551;PIVIJAY;BARRIDO;3;2646;2722;97,21%;SI;;;
68;SANTANDER;68327;GÜEPSA;BARRIDO;2;1382;1421;97,26%;SI;;;
19;CAUCA;19513;PADILLA;BARRIDO;3;821;844;97,27%;SI;;;
13;BOLÍVAR;13062;ARROYOHONDO;BARRIDO;2;363;373;97,32%;SI;;;
70;SUCRE;70215;COROZAL;BARRIDO;3;5640;5793;97,36%;SI;;;
76;VALLE DEL CAUCA;76130;CANDELARIA;BARRIDO;2;1177;1208;97,43%;SI;;;
05;ANTIOQUIA;5129;CALDAS;BARRIDO;2;2091;2146;97,44%;SI;;;
25;CUNDINAMARCA;25293;GACHALA;BARRIDO;2;665;682;97,51%;SI;;;
47;MAGDALENA;47258;EL PIÑON;BARRIDO;3;627;643;97,51%;SI;;;
05;ANTIOQUIA;5266;ENVIGADO;BARRIDO;2;7844;8041;97,55%;SI;;;
19;CAUCA;19573;PUERTO TEJADA;BARRIDO;3;2717;2784;97,59%;SI;;;
15;BOYACÁ;15681;SAN PABLO DE BORBUR;BARRIDO;3;568;582;97,59%;SI;;;
17;CALDAS;17777;SUPÍA;BARRIDO;3;1997;2046;97,61%;SI;;;
63;QUINDIO;63470;MONTENEGRO;BARRIDO;3;4051;4149;97,64%;SI;;;
47;MAGDALENA;47545;PIJIÑO DEL CARMEN;BARRIDO;3;954;977;97,65%;SI;;;
25;CUNDINAMARCA;25245;EL COLEGIO;BARRIDO;2;2764;2830;97,67%;SI;;;
85;CASANARE;85410;TAURAMENA;BARRIDO;3;2502;2558;97,81%;SI;;;
68;SANTANDER;68081;BARRANCABERMEJA;BARRIDO;2;13113;13401;97,85%;SI;;;
13;BOLÍVAR;13580;REGIDOR;BARRIDO;2;456;466;97,85%;SI;;;
13;BOLÍVAR;13688;SANTA ROSA DEL SUR;BARRIDO;2;507;518;97,88%;SI;;;
08;ATLÁNTICO;8421;LURUACO;BARRIDO;2;1672;1708;97,89%;SI;;;
70;SUCRE;70702;SAN JUAN DE BETULIA;BARRIDO;3;2169;2214;97,97%;SI;;;
08;ATLÁNTICO;8520;PALMAR DE VARELA;BARRIDO;2;3545;3615;98,06%;SI;;;
63;QUINDIO;63130;CALARCA;BARRIDO;3;5466;5571;98,12%;SI;;;
73;TOLIMA;73268;ESPINAL;BARRIDO;3;4649;4738;98,12%;SI;;;
23;CÓRDOBA;23464;MOMIL;BARRIDO;3;429;437;98,17%;SI;;;
73;TOLIMA;73124;CAJAMARCA;BARRIDO;3;2012;2049;98,19%;SI;;;
54;NORTE DE SANTANDER;54518;PAMPLONA;BARRIDO;2;5278;5373;98,23%;SI;;;
17;CALDAS;17495;NORCASIA;BARRIDO;3;673;685;98,25%;SI;;;
20;CESAR;20295;GAMARRA;BARRIDO;3;813;827;98,31%;SI;;;
73;TOLIMA;73675;SAN ANTONIO;BARRIDO;3;1076;1094;98,35%;SI;;;
41;HUILA;41551;PITALITO;BARRIDO;3;7311;7431;98,39%;SI;;;
47;MAGDALENA;47288;FUNDACIÓN;MIXTO;3;1950;1982;98,39%;SI;;;
20;CESAR;20032;ASTREA;BARRIDO;3;1604;1630;98,40%;SI;;;
08;ATLÁNTICO;8638;SABANALARGA;BARRIDO;2;9899;10055;98,45%;SI;;;
23;CÓRDOBA;23570;PUEBLO NUEVO;BARRIDO;3;452;459;98,47%;SI;;;
76;VALLE DEL CAUCA;76041;ANSERMANUEVO;BARRIDO;2;1376;1397;98,50%;SI;;;
05;ANTIOQUIA;5045;APARTADÓ;BARRIDO;2;8976;9106;98,57%;SI;;;
13;BOLÍVAR;13244;EL CARMEN DE BOLÍVAR;BARRIDO;2;7031;7124;98,69%;SI;;;
68;SANTANDER;68169;CHARTA;BARRIDO;2;379;384;98,70%;SI;;;
19;CAUCA;19845;VILLA RICA;BARRIDO;3;230;233;98,71%;SI;;;
08;ATLÁNTICO;8372;JUAN DE ACOSTA;BARRIDO;2;3162;3201;98,78%;SI;;;
05;ANTIOQUIA;5001;MEDELLÍN;BARRIDO;2;79383;80340;98,81%;SI;;;
76;VALLE DEL CAUCA;76113;BUGALAGRANDE;BARRIDO;2;1193;1207;98,84%;SI;;;
52;NARIÑO;52207;CONSACÁ;BARRIDO;3;817;826;98,91%;SI;;;
08;ATLÁNTICO;8634;SABANAGRANDE;BARRIDO;2;5668;5728;98,95%;SI;;;
05;ANTIOQUIA;5234;DABEIBA;MIXTO;2;886;895;98,99%;SI;;;
20;CESAR;20383;LA GLORIA;BARRIDO;3;1004;1014;99,01%;SI;;;
23;CÓRDOBA;23162;CERETÉ;BARRIDO;3;6923;6988;99,07%;SI;;;
17;CALDAS;17174;CHINCHINÁ;BARRIDO;3;3077;3103;99,16%;SI;;;
73;TOLIMA;73520;PALOCABILDO;BARRIDO;3;848;855;99,18%;SI;;;
08;ATLÁNTICO;8436;MANATÍ;BARRIDO;2;3088;3113;99,20%;SI;;;
15;BOYACÁ;15455;MIRAFLORES;BARRIDO;3;666;671;99,25%;SI;;;
13;BOLÍVAR;13042;ARENAL;BARRIDO;2;291;293;99,32%;SI;;;
19;CAUCA;19212;CORINTO;BARRIDO;3;1628;1638;99,39%;SI;;;
70;SUCRE;70001;SINCELEJO;BARRIDO;3;18099;18200;99,45%;SI;;;
23;CÓRDOBA;23090;CANALETE;BARRIDO;3;198;199;99,50%;SI;;;
25;CUNDINAMARCA;25843;VILLA DE SAN DIEGO DE UBATE;BARRIDO;2;5325;5346;99,61%;SI;;;
25;CUNDINAMARCA;25120;CABRERA;BARRIDO;2;627;629;99,68%;SI;;;
50;META;50330;MESETAS;MIXTO;3;1268;1272;99,69%;SI;;;
41;HUILA;41483;NÁTAGA;BARRIDO;3;365;366;99,73%;SI;;;
05;ANTIOQUIA;5893;YONDÓ;BARRIDO;2;451;452;99,78%;SI;;;
70;SUCRE;70713;SAN ONOFRE;BARRIDO;3;1689;1691;99,88%;SI;;;
23;CÓRDOBA;23686;SAN PELAYO;BARRIDO;3;1913;1915;99,90%;SI;;;
19;CAUCA;19137;CALDONO;BARRIDO;3;4;4;100,00%;NO;;;
25;CUNDINAMARCA;25486;NEMOCÓN;BARRIDO;2;28;28;100,00%;SI;;;
52;NARIÑO;52036;ANCUYÁ;BARRIDO;3;66;66;100,00%;SI;;;
52;NARIÑO;52051;ARBOLEDA;BARRIDO;3;221;221;100,00%;SI;;;
66;RISARALDA;66594;QUINCHÍA;BARRIDO;3;1712;1712;100,00%;SI;;;
05;ANTIOQUIA;5237;DONMATÍAS;BARRIDO;2;797;796;100,13%;SI;;;
70;SUCRE;70124;CAIMITO;BARRIDO;3;1894;1890;100,21%;SI;;;
05;ANTIOQUIA;5887;YARUMAL;BARRIDO;2;1888;1884;100,21%;SI;;;
13;BOLÍVAR;13468;MOMPÓS;BARRIDO;2;4390;4380;100,23%;SI;;;
50;META;50577;PUERTO LLERAS;MIXTO;3;660;658;100,30%;SI;;;
17;CALDAS;17001;MANIZALES;BARRIDO;3;7862;7835;100,34%;SI;;;
17;CALDAS;17380;LA DORADA;BARRIDO;3;856;852;100,47%;SI;;;
88;SAN ANDRÉS;88001;SAN ANDRÉS;BARRIDO;2;1022;1017;100,49%;SI;;;
54;NORTE DE SANTANDER;54347;HERRÁN;BARRIDO;2;764;760;100,53%;SI;;;
17;CALDAS;17662;SAMANÁ;BARRIDO;3;1538;1525;100,85%;SI;;;
13;BOLÍVAR;13001;CARTAGENA;BARRIDO;2;32155;31882;100,86%;SI;;;
86;PUTUMAYO;86001;MOCOA;BARRIDO;3;3086;3059;100,88%;SI;;;
08;ATLÁNTICO;8078;BARANOA;BARRIDO;2;8603;8527;100,89%;SI;;;
70;SUCRE;70508;OVEJAS;BARRIDO;3;1197;1186;100,93%;SI;;;
08;ATLÁNTICO;8770;SUAN;BARRIDO;2;1941;1922;100,99%;SI;;;
13;BOLÍVAR;13549;PINILLOS;BARRIDO;2;1511;1496;101,00%;SI;;;
47;MAGDALENA;47660;SABANAS DE SAN ANGEL;BARRIDO;3;734;726;101,10%;SI;;;
52;NARIÑO;52356;IPIALES;BARRIDO;3;3301;3264;101,13%;SI;;;
08;ATLÁNTICO;8296;GALAPA;BARRIDO;2;4796;4739;101,20%;SI;;;
05;ANTIOQUIA;5380;LA ESTRELLA;BARRIDO;2;2257;2230;101,21%;SI;;;
81;ARAUCA;81001;ARAUCA;BARRIDO;3;4513;4458;101,23%;SI;;;
19;CAUCA;19455;MIRANDA;BARRIDO;3;3040;3001;101,30%;SI;;;
25;CUNDINAMARCA;25799;TENJO;BARRIDO;2;964;951;101,37%;SI;;;
25;CUNDINAMARCA;25178;CHIPAQUE;BARRIDO;2;1061;1046;101,43%;SI;;;
05;ANTIOQUIA;5044;ANZA;BARRIDO;2;705;695;101,44%;SI;;;
25;CUNDINAMARCA;25488;NILO;BARRIDO;2;765;754;101,46%;SI;;;
19;CAUCA;19001;POPAYÁN;BARRIDO;3;20059;19752;101,55%;SI;;;
13;BOLÍVAR;13760;SOPLAVIENTO;BARRIDO;2;2349;2312;101,60%;SI;;;
13;BOLÍVAR;13655;SAN JACINTO DEL CAUCA;BARRIDO;2;311;306;101,63%;SI;;;
19;CAUCA;19300;GUACHENÉ;BARRIDO;3;2114;2080;101,63%;SI;;;
23;CÓRDOBA;23001;MONTERÍA;BARRIDO;3;15917;15658;101,65%;SI;;;
25;CUNDINAMARCA;25524;PANDI;BARRIDO;2;735;723;101,66%;SI;;;
73;TOLIMA;73352;ICONONZO;BARRIDO;3;1091;1073;101,68%;SI;;;
70;SUCRE;70400;LA UNIÓN;BARRIDO;3;1520;1494;101,74%;SI;;;
54;NORTE DE SANTANDER;54553;PUERTO SANTANDER;BARRIDO;2;1870;1838;101,74%;SI;;;
25;CUNDINAMARCA;25260;EL ROSAL;BARRIDO;2;1280;1258;101,75%;SI;;;
70;SUCRE;70670;SAMPUÉS;BARRIDO;3;3833;3762;101,89%;SI;;;
73;TOLIMA;73408;LÉRIDA;BARRIDO;3;1748;1715;101,92%;SI;;;
19;CAUCA;19532;PATÍA;BARRIDO;3;2802;2748;101,97%;SI;;;
25;CUNDINAMARCA;25740;SIBATÉ;BARRIDO;2;1035;1015;101,97%;SI;;;
76;VALLE DEL CAUCA;76001;CALI;BARRIDO;2;23772;23311;101,98%;SI;;;
23;CÓRDOBA;23300;COTORRA;BARRIDO;3;409;401;102,00%;SI;;;
13;BOLÍVAR;13780;TALAIGUA NUEVO;BARRIDO;2;1903;1865;102,04%;SI;;;
85;CASANARE;85430;TRINIDAD;BARRIDO;3;430;421;102,14%;SI;;;
47;MAGDALENA;47161;CERRO SAN ANTONIO;BARRIDO;3;885;866;102,19%;SI;;;
13;BOLÍVAR;13440;MARGARITA;BARRIDO;2;997;975;102,26%;SI;;;
73;TOLIMA;73283;FRESNO;BARRIDO;3;2667;2608;102,26%;SI;;;
76;VALLE DEL CAUCA;76828;TRUJILLO;BARRIDO;2;852;833;102,28%;SI;;;
05;ANTIOQUIA;5360;ITAGUI;BARRIDO;2;6082;5944;102,32%;SI;;;
11;BOGOTÁ;11001;BOGOTÁ, D.C.;BARRIDO;2;374870;365958;102,44%;SI;;;
76;VALLE DEL CAUCA;76895;ZARZAL;BARRIDO;2;672;656;102,44%;SI;;;
25;CUNDINAMARCA;25368;JERUSALÉN;BARRIDO;2;121;118;102,54%;SI;;;
85;CASANARE;85001;YOPAL;BARRIDO;3;7742;7550;102,54%;SI;;;
08;ATLÁNTICO;8001;BARRANQUILLA;BARRIDO;2;63581;61858;102,79%;SI;;;
15;BOYACÁ;15814;TOCA;BARRIDO;3;753;732;102,87%;SI;;;
08;ATLÁNTICO;8433;MALAMBO;BARRIDO;2;7844;7625;102,87%;SI;;;
20;CESAR;20310;GONZÁLEZ;BARRIDO;3;248;241;102,90%;SI;;;
13;BOLÍVAR;13838;TURBANÁ;BARRIDO;2;1730;1681;102,91%;SI;;;
76;VALLE DEL CAUCA;76670;SAN PEDRO;BARRIDO;2;390;378;103,17%;SI;;;
41;HUILA;41306;GIGANTE;BARRIDO;3;1363;1320;103,26%;SI;;;
25;CUNDINAMARCA;25123;CACHIPAY;BARRIDO;2;2142;2074;103,28%;SI;;;
08;ATLÁNTICO;8141;CANDELARIA;BARRIDO;2;3437;3327;103,31%;SI;;;
19;CAUCA;19780;SUÁREZ;BARRIDO;3;218;211;103,32%;SI;;;
44;LA GUAJIRA;44378;HATONUEVO;BARRIDO;3;713;690;103,33%;SI;;;
05;ANTIOQUIA;5858;VEGACHÍ;BARRIDO;2;1208;1169;103,34%;SI;;;
08;ATLÁNTICO;8758;SOLEDAD;BARRIDO;2;37641;36412;103,38%;SI;;;
68;SANTANDER;68689;SAN VICENTE DE CHUCURÍ;BARRIDO;2;2969;2872;103,38%;SI;;;
47;MAGDALENA;47555;PLATO;BARRIDO;3;2431;2351;103,40%;SI;;;
25;CUNDINAMARCA;25430;MADRID;BARRIDO;2;3216;3107;103,51%;SI;;;
20;CESAR;20013;AGUSTÍN CODAZZI;MIXTO;3;2899;2797;103,65%;SI;;;
25;CUNDINAMARCA;25200;COGUA;BARRIDO;2;1790;1727;103,65%;SI;;;
70;SUCRE;70473;MORROA;BARRIDO;3;1797;1733;103,69%;SI;;;
13;BOLÍVAR;13620;SAN CRISTÓBAL;BARRIDO;2;1786;1721;103,78%;SI;;;
05;ANTIOQUIA;5150;CAROLINA;BARRIDO;2;549;529;103,78%;SI;;;
23;CÓRDOBA;23555;PLANETA RICA;BARRIDO;3;2653;2554;103,88%;SI;;;
76;VALLE DEL CAUCA;76126;CALIMA;BARRIDO;2;80;77;103,90%;SI;;;
13;BOLÍVAR;13657;SAN JUAN NEPOMUCENO;BARRIDO;2;3522;3388;103,96%;SI;;;
13;BOLÍVAR;13212;CÓRDOBA;BARRIDO;2;2542;2443;104,05%;SI;;;
25;CUNDINAMARCA;25001;AGUA DE DIOS;BARRIDO;2;2291;2200;104,14%;SI;;;
25;CUNDINAMARCA;25086;BELTRÁN;BARRIDO;2;248;238;104,20%;SI;;;
81;ARAUCA;81300;FORTUL;MIXTO;3;588;564;104,26%;SI;;;
25;CUNDINAMARCA;25645;SAN ANTONIO DEL TEQUENDAMA;BARRIDO;2;833;797;104,52%;SI;;;
73;TOLIMA;73616;RIOBLANCO;BARRIDO;3;732;700;104,57%;SI;;;
52;NARIÑO;52240;CHACHAGÜÍ;BARRIDO;3;452;432;104,63%;SI;;;
25;CUNDINAMARCA;25269;FACATATIVÁ;BARRIDO;2;5806;5547;104,67%;SI;;;
20;CESAR;20228;CURUMANÍ;BARRIDO;3;1782;1701;104,76%;SI;;;
20;CESAR;20750;SAN DIEGO;BARRIDO;3;1268;1205;105,23%;SI;;;
68;SANTANDER;68132;CALIFORNIA;BARRIDO;2;180;171;105,26%;SI;;;
41;HUILA;41001;NEIVA;BARRIDO;3;13637;12936;105,42%;SI;;;
68;SANTANDER;68575;PUERTO WILCHES;BARRIDO;2;2343;2222;105,45%;SI;;;
41;HUILA;41357;IQUIRA;BARRIDO;3;787;746;105,50%;SI;;;
47;MAGDALENA;47268;EL RETÉN;BARRIDO;3;417;395;105,57%;SI;;;
85;CASANARE;85325;SAN LUIS DE PALENQUE;BARRIDO;3;909;860;105,70%;SI;;;
50;META;50001;VILLAVICENCIO;BARRIDO;3;24711;23355;105,81%;SI;;;
44;LA GUAJIRA;44855;URUMITA;BARRIDO;3;476;448;106,25%;SI;;;
25;CUNDINAMARCA;25754;SOACHA;BARRIDO;2;25927;24401;106,25%;SI;;;
20;CESAR;20238;EL COPEY;BARRIDO;3;1606;1509;106,43%;SI;;;
52;NARIÑO;52678;SAMANIEGO;BARRIDO;3;643;604;106,46%;SI;;;
13;BOLÍVAR;13600;RÍO VIEJO;BARRIDO;2;379;356;106,46%;SI;;;
41;HUILA;41801;TERUEL;BARRIDO;3;743;696;106,75%;SI;;;
47;MAGDALENA;47798;TENERIFE;BARRIDO;3;801;750;106,80%;SI;;;
76;VALLE DEL CAUCA;76111;GUADALAJARA DE BUGA;BARRIDO;2;2849;2661;107,07%;SI;;;
25;CUNDINAMARCA;25312;GRANADA;BARRIDO;2;1005;936;107,37%;SI;;;
23;CÓRDOBA;23350;LA APARTADA;BARRIDO;3;1034;962;107,48%;SI;;;
08;ATLÁNTICO;8606;REPELÓN;BARRIDO;2;3337;3100;107,65%;SI;;;
05;ANTIOQUIA;5664;SAN PEDRO DE LOS MILAGROS;BARRIDO;2;1702;1581;107,65%;SI;;;
44;LA GUAJIRA;44001;RIOHACHA;MIXTO;3;10573;9815;107,72%;SI;;;
13;BOLÍVAR;13873;VILLANUEVA;BARRIDO;2;1810;1680;107,74%;SI;;;
13;BOLÍVAR;13052;ARJONA;BARRIDO;2;4008;3719;107,77%;SI;;;
47;MAGDALENA;47245;EL BANCO;BARRIDO;3;2268;2097;108,15%;SI;;;
52;NARIÑO;52405;LEIVA;BARRIDO;3;359;331;108,46%;SI;;;
13;BOLÍVAR;13268;EL PEÑÓN;BARRIDO;2;631;581;108,61%;SI;;;
25;CUNDINAMARCA;25815;TOCAIMA;BARRIDO;2;696;639;108,92%;SI;;;
44;LA GUAJIRA;44090;DIBULLA;MIXTO;3;2661;2441;109,01%;SI;;;
52;NARIÑO;52001;PASTO;BARRIDO;3;11581;10623;109,02%;SI;;;
52;NARIÑO;52683;SANDONÁ;BARRIDO;3;880;807;109,05%;SI;;;
23;CÓRDOBA;23855;VALENCIA;BARRIDO;3;1243;1139;109,13%;SI;;;
76;VALLE DEL CAUCA;76306;GINEBRA;BARRIDO;2;1425;1304;109,28%;SI;;;
23;CÓRDOBA;23678;SAN CARLOS;BARRIDO;3;516;472;109,32%;SI;;;
25;CUNDINAMARCA;25322;GUASCA;BARRIDO;2;1041;952;109,35%;SI;;;
17;CALDAS;17088;BELALCÁZAR;BARRIDO;3;884;808;109,41%;SI;;;
52;NARIÑO;52258;EL TABLÓN DE GÓMEZ;BARRIDO;3;150;137;109,49%;SI;;;
44;LA GUAJIRA;44650;SAN JUAN DEL CESAR;MIXTO;3;4230;3863;109,50%;SI;;;
20;CESAR;20443;MANAURE;MIXTO;3;783;715;109,51%;SI;;;
25;CUNDINAMARCA;25019;ALBÁN;BARRIDO;2;788;719;109,60%;SI;;;
20;CESAR;20710;SAN ALBERTO;BARRIDO;3;1744;1591;109,62%;SI;;;
05;ANTIOQUIA;5315;GUADALUPE;BARRIDO;2;547;499;109,62%;SI;;;
25;CUNDINAMARCA;25772;SUESCA;BARRIDO;2;498;454;109,69%;SI;;;
47;MAGDALENA;47030;ALGARROBO;BARRIDO;3;732;667;109,75%;SI;;;
54;NORTE DE SANTANDER;54670;SAN CALIXTO;BARRIDO;2;678;617;109,89%;SI;;;
23;CÓRDOBA;23682;SAN JOSÉ DE URÉ;BARRIDO;3;22;20;110,00%;SI;;;
81;ARAUCA;81220;CRAVO NORTE;BARRIDO;3;339;308;110,06%;SI;;;
54;NORTE DE SANTANDER;54109;BUCARASICA;BARRIDO;2;251;228;110,09%;SI;;;
25;CUNDINAMARCA;25214;COTA;BARRIDO;2;1696;1539;110,20%;SI;;;
47;MAGDALENA;47189;CIÉNAGA;MIXTO;3;5119;4637;110,39%;SI;;;
15;BOYACÁ;15185;CHITARAQUE;BARRIDO;3;240;217;110,60%;SI;;;
23;CÓRDOBA;23079;BUENAVISTA;BARRIDO;3;908;820;110,73%;SI;;;
25;CUNDINAMARCA;25286;FUNZA;BARRIDO;2;3011;2719;110,74%;SI;;;
70;SUCRE;70230;CHALÁN;BARRIDO;3;461;415;111,08%;SI;;;
20;CESAR;20001;VALLEDUPAR;MIXTO;3;17049;15347;111,09%;SI;;;
25;CUNDINAMARCA;25279;FOMEQUE;BARRIDO;2;138;124;111,29%;SI;;;
68;SANTANDER;68867;VETAS;BARRIDO;2;364;326;111,66%;SI;;;
73;TOLIMA;73461;MURILLO;BARRIDO;3;305;273;111,72%;SI;;;
08;ATLÁNTICO;8675;SANTA LUCÍA;BARRIDO;2;3099;2770;111,88%;SI;;;
25;CUNDINAMARCA;25307;GIRARDOT;BARRIDO;2;3343;2986;111,96%;SI;;;
25;CUNDINAMARCA;25295;GACHANCIPÁ;BARRIDO;2;588;525;112,00%;SI;;;
76;VALLE DEL CAUCA;76147;CARTAGO;BARRIDO;2;4168;3709;112,38%;SI;;;
54;NORTE DE SANTANDER;54680;SANTIAGO;BARRIDO;2;581;515;112,82%;SI;;;
25;CUNDINAMARCA;25535;PASCA;BARRIDO;2;1360;1203;113,05%;SI;;;
85;CASANARE;85010;AGUAZUL;BARRIDO;3;3260;2873;113,47%;SI;;;
52;NARIÑO;52019;ALBÁN;BARRIDO;3;202;178;113,48%;SI;;;
68;SANTANDER;68370;JORDÁN;BARRIDO;2;116;102;113,73%;SI;;;
47;MAGDALENA;47053;ARACATACA;MIXTO;3;3489;3051;114,36%;SI;;;
25;CUNDINAMARCA;25662;SAN JUAN DE RÍO SECO;BARRIDO;2;809;704;114,91%;SI;;;
25;CUNDINAMARCA;25175;CHÍA;BARRIDO;2;4334;3771;114,93%;SI;;;
68;SANTANDER;68673;SAN BENITO;BARRIDO;2;543;472;115,04%;SI;;;
25;CUNDINAMARCA;25154;CARMEN DE CARUPA;BARRIDO;2;688;598;115,05%;SI;;;
68;SANTANDER;68406;LEBRIJA;BARRIDO;2;2209;1909;115,72%;SI;;;
47;MAGDALENA;47692;SAN SEBASTIÁN DE BUENAVISTA;BARRIDO;3;1066;921;115,74%;SI;;;
13;BOLÍVAR;13300;HATILLO DE LOBA;BARRIDO;2;843;728;115,80%;SI;;;
25;CUNDINAMARCA;25817;TOCANCIPÁ;BARRIDO;2;1238;1069;115,81%;SI;;;
47;MAGDALENA;47205;CONCORDIA;BARRIDO;3;442;381;116,01%;SI;;;
85;CASANARE;85139;MANÍ;BARRIDO;3;1136;979;116,04%;SI;;;
44;LA GUAJIRA;44279;FONSECA;BARRIDO;3;2744;2364;116,07%;SI;;;
47;MAGDALENA;47318;GUAMAL;BARRIDO;3;1311;1126;116,43%;SI;;;
23;CÓRDOBA;23660;SAHAGÚN;BARRIDO;3;5231;4485;116,63%;SI;;;
05;ANTIOQUIA;5659;SAN JUAN DE URABÁ;BARRIDO;2;675;578;116,78%;SI;;;
25;CUNDINAMARCA;25612;RICAURTE;BARRIDO;2;416;354;117,51%;SI;;;
52;NARIÑO;52693;SAN PABLO;BARRIDO;3;443;376;117,82%;SI;;;
73;TOLIMA;73217;COYAIMA;BARRIDO;3;500;424;117,92%;SI;;;
25;CUNDINAMARCA;25785;TABIO;BARRIDO;2;210;178;117,98%;SI;;;
25;CUNDINAMARCA;25126;CAJICÁ;BARRIDO;2;2561;2168;118,13%;SI;;;
23;CÓRDOBA;23807;TIERRALTA;MIXTO;3;2178;1839;118,43%;SI;;;
47;MAGDALENA;47980;ZONA BANANERA;BARRIDO;3;1369;1153;118,73%;SI;;;
50;META;50573;PUERTO LÓPEZ;BARRIDO;3;1808;1519;119,03%;SI;;;
41;HUILA;41396;LA PLATA;BARRIDO;3;2957;2475;119,47%;SI;;;
20;CESAR;20175;CHIMICHAGUA;BARRIDO;3;1278;1066;119,89%;SI;;;
05;ANTIOQUIA;5134;CAMPAMENTO;BARRIDO;2;395;329;120,06%;SI;;;
41;HUILA;41298;GARZÓN;BARRIDO;3;3975;3302;120,38%;SI;;;
13;BOLÍVAR;13442;MARÍA LA BAJA;BARRIDO;2;23;19;121,05%;SI;;;
13;BOLÍVAR;13744;SIMITÍ;BARRIDO;2;424;350;121,14%;SI;;;
41;HUILA;41349;HOBO;BARRIDO;3;1342;1107;121,23%;SI;;;
47;MAGDALENA;47058;ARIGUANÍ;BARRIDO;3;1770;1454;121,73%;SI;;;
76;VALLE DEL CAUCA;76497;OBANDO;BARRIDO;2;1495;1228;121,74%;SI;;;
05;ANTIOQUIA;5264;ENTRERRIOS;BARRIDO;2;115;94;122,34%;SI;;;
17;CALDAS;17616;RISARALDA;BARRIDO;3;670;547;122,49%;SI;;;
44;LA GUAJIRA;44420;LA JAGUA DEL PILAR;BARRIDO;3;412;335;122,99%;SI;;;
44;LA GUAJIRA;44035;ALBANIA;MIXTO;3;1274;1031;123,57%;SI;;;
20;CESAR;20178;CHIRIGUANÁ;BARRIDO;3;1968;1576;124,87%;SI;;;
47;MAGDALENA;47460;NUEVA GRANADA;BARRIDO;3;304;243;125,10%;SI;;;
05;ANTIOQUIA;5495;NECHÍ;BARRIDO;2;1587;1268;125,16%;SI;;;
05;ANTIOQUIA;5658;SAN JOSÉ DE LA MONTAÑA;BARRIDO;2;433;345;125,51%;SI;;;
25;CUNDINAMARCA;25148;CAPARRAPÍ;BARRIDO;2;1286;1021;125,95%;SI;;;
20;CESAR;20770;SAN MARTÍN;BARRIDO;3;1236;980;126,12%;SI;;;
25;CUNDINAMARCA;25530;PARATEBUENO;BARRIDO;3;286;225;127,11%;SI;;;
68;SANTANDER;68573;PUERTO PARRA;BARRIDO;2;399;313;127,48%;SI;;;
50;META;50680;SAN CARLOS DE GUAROA;BARRIDO;3;921;722;127,56%;SI;;;
52;NARIÑO;52385;LA LLANADA;BARRIDO;3;201;157;128,03%;SI;;;
47;MAGDALENA;47703;SAN ZENÓN;BARRIDO;3;418;325;128,62%;SI;;;
25;CUNDINAMARCA;25736;SESQUILÉ;BARRIDO;2;17;13;130,77%;SI;;;
20;CESAR;20621;LA PAZ;MIXTO;3;1832;1395;131,33%;SI;;;
23;CÓRDOBA;23417;LORICA;BARRIDO;3;2096;1592;131,66%;SI;;;
68;SANTANDER;68190;CIMITARRA;BARRIDO;2;1232;935;131,76%;SI;;;
44;LA GUAJIRA;44098;DISTRACCIÓN;BARRIDO;3;1100;810;135,80%;SI;;;
41;HUILA;41518;PAICOL;BARRIDO;3;610;447;136,47%;SI;;;
47;MAGDALENA;47745;SITIONUEVO;BARRIDO;3;1029;754;136,47%;SI;;;
52;NARIÑO;52381;LA FLORIDA;BARRIDO;3;235;171;137,43%;SI;;;
41;HUILA;41770;SUAZA;BARRIDO;3;1288;935;137,75%;SI;;;
76;VALLE DEL CAUCA;76823;TORO;BARRIDO;2;484;350;138,29%;SI;;;
20;CESAR;20250;EL PASO;BARRIDO;3;1076;764;140,84%;SI;;;
44;LA GUAJIRA;44874;VILLANUEVA;BARRIDO;3;2054;1457;140,97%;SI;;;
13;BOLÍVAR;13458;MONTECRISTO;BARRIDO;2;880;622;141,48%;SI;;;
15;BOYACÁ;15022;ALMEIDA;BARRIDO;3;152;107;142,06%;SI;;;
86;PUTUMAYO;86320;ORITO;BARRIDO;3;834;586;142,32%;SI;;;
25;CUNDINAMARCA;25745;SIMIJACA;BARRIDO;2;2669;1861;143,42%;SI;;;
25;CUNDINAMARCA;25898;ZIPACÓN;BARRIDO;2;358;245;146,12%;SI;;;
52;NARIÑO;52788;TANGUA;BARRIDO;3;673;450;149,56%;SI;;;
50;META;50110;BARRANCA DE UPÍA;BARRIDO;3;308;201;153,23%;SI;;;
68;SANTANDER;68655;SABANA DE TORRES;BARRIDO;2;1628;1033;157,60%;SI;;;
13;BOLÍVAR;13160;CANTAGALLO;BARRIDO;2;1049;665;157,74%;SI;;;
25;CUNDINAMARCA;25743;SILVANIA;BARRIDO;2;2636;1662;158,60%;SI;;;
52;NARIÑO;52378;LA CRUZ;BARRIDO;3;240;147;163,27%;SI;;;
52;NARIÑO;52260;EL TAMBO;BARRIDO;3;1546;941;164,29%;SI;;;
19;CAUCA;19110;BUENOS AIRES;BARRIDO;3;1931;1172;164,76%;SI;;;
68;SANTANDER;68250;EL PEÑÓN;BARRIDO;2;359;205;175,12%;SI;;;
52;NARIÑO;52083;BELÉN;BARRIDO;3;386;214;180,37%;SI;;;
47;MAGDALENA;47170;CHIVOLO;BARRIDO;3;1376;755;182,25%;SI;;;
23;CÓRDOBA;23189;CIÉNAGA DE ORO;BARRIDO;3;502;259;193,82%;SI;;;
52;NARIÑO;52565;PROVIDENCIA;BARRIDO;3;107;55;194,55%;SI;;;
52;NARIÑO;52418;LOS ANDES;BARRIDO;3;591;246;240,24%;SI;;;
68;SANTANDER;68324;GUAVATÁ;BARRIDO;2;285;117;243,59%;SI;;;
81;ARAUCA;81065;ARAUQUITA;BARRIDO;3;3843;1420;270,63%;SI;;;
19;CAUCA;19290;FLORENCIA;BARRIDO;3;524;183;286,34%;SI;;;
13;BOLÍVAR;13140;CALAMAR;BARRIDO;2;1679;458;366,59%;SI;;;
13;BOLÍVAR;13490;NOROSÍ;BARRIDO;2;160;38;421,05%;SI;;;
52;NARIÑO;52694;SAN PEDRO DE CARTAGO;BARRIDO;3;242;38;636,84%;SI;;;
52;NARIÑO;52786;TAMINANGO;BARRIDO;3;1156;98;1179,59%;SI;;;
19;CAUCA;19824;TOTORÓ;BARRIDO;3;12;;NN;NO;;;
5;ANTIOQUIA;5790;TARAZÁ;BARRIDO;2;;;NT/NN;SI;;;
13;BOLÍVAR;13670;SAN PABLO;BARRIDO;2;;;NT/NN;SI;;;
19;CAUCA;19355;INZÁ;BARRIDO;3;;;NT/NN;NO;;;
19;CAUCA;19364;JAMBALÓ;BARRIDO;3;;;NT/NN;NO;;;
19;CAUCA;19473;MORALES;BARRIDO;3;;;NT/NN;NO;;;
19;CAUCA;19517;PAEZ;BARRIDO;3;;;NT/NN;NO;;;
19;CAUCA;19585;PURACÉ;BARRIDO;3;;;NT/NN;NO;;;
19;CAUCA;19743;SILVIA;BARRIDO;3;;;NT/NN;NO;;;
19;CAUCA;19760;SOTARA;BARRIDO;3;;;NT/NN;NO;;;
19;CAUCA;19821;TORIBIO;BARRIDO;3;;;NT/NN;NO;;;
23;CÓRDOBA;23068;AYAPEL;BARRIDO;3;;;NT/NN;NO;;;
23;CÓRDOBA;23168;CHIMÁ;BARRIDO;3;;;NT/NN;NO;;;
23;CÓRDOBA;23182;CHINÚ;BARRIDO;3;;;NT/NN;NO;;;
23;CÓRDOBA;23574;PUERTO ESCONDIDO;BARRIDO;3;;;NT/NN;NO;;;
23;CÓRDOBA;23580;PUERTO LIBERTADOR;MIXTO;3;;;NT/NN;NO;;;
23;CÓRDOBA;23586;PURÍSIMA;BARRIDO;3;;;NT/NN;NO;;;
23;CÓRDOBA;23670;SAN ANDRÉS DE SOTAVENTO;BARRIDO;3;;;NT/NN;NO;;;
23;CÓRDOBA;23672;SAN ANTERO;BARRIDO;3;;;NT/NN;NO;;;
23;CÓRDOBA;23815;TUCHÍN;BARRIDO;3;;;NT/NN;NO;;;
47;MAGDALENA;47541;PEDRAZA;BARRIDO;3;;;NT/NN;NO;;;
47;MAGDALENA;47675;SALAMINA;BARRIDO;3;;;NT/NN;NO;;;
47;MAGDALENA;47707;SANTA ANA;BARRIDO;3;;;NT/NN;NO;;;
47;MAGDALENA;47720;SANTA BÁRBARA DE PINTO;BARRIDO;3;;;NT/NN;NO;;;
47;MAGDALENA;47960;ZAPAYÁN;BARRIDO;3;;;NT/NN;SI;;;
50;META;50325;MAPIRIPÁN;MIXTO;3;;;NT/NN;SI;;;
52;NARIÑO;52022;ALDANA;BARRIDO;3;;;NT/NN;NO;;;
52;NARIÑO;52110;BUESACO;BARRIDO;3;;;NT/NN;SI;;;
52;NARIÑO;52203;COLÓN;BARRIDO;3;;;NT/NN;SI;;;
52;NARIÑO;52210;CONTADERO;BARRIDO;3;;;NT/NN;SI;;;
52;NARIÑO;52215;CÓRDOBA;BARRIDO;3;;;NT/NN;NO;;;
52;NARIÑO;52224;CUASPUD;BARRIDO;3;;;NT/NN;NO;;;
52;NARIÑO;52227;CUMBAL;BARRIDO;3;;;NT/NN;NO;;;
52;NARIÑO;52233;CUMBITARA;MIXTO;3;;;NT/NN;NO;;;
52;NARIÑO;52254;EL PEÑOL;BARRIDO;3;;;NT/NN;SI;;;
52;NARIÑO;52256;EL ROSARIO;MIXTO;3;;;NT/NN;SI;;;
52;NARIÑO;52287;FUNES;BARRIDO;3;;;NT/NN;NO;;;
52;NARIÑO;52317;GUACHUCAL;BARRIDO;3;;;NT/NN;NO;;;
52;NARIÑO;52320;GUAITARILLA;BARRIDO;3;;;NT/NN;SI;;;
52;NARIÑO;52323;GUALMATÁN;BARRIDO;3;;;NT/NN;SI;;;
52;NARIÑO;52352;ILES;BARRIDO;3;;;NT/NN;NO;;;
52;NARIÑO;52354;IMUÉS;BARRIDO;3;;;NT/NN;SI;;;
52;NARIÑO;52399;LA UNIÓN;BARRIDO;3;;;NT/NN;SI;;;
52;NARIÑO;52411;LINARES;BARRIDO;3;;;NT/NN;SI;;;
52;NARIÑO;52435;MALLAMA;BARRIDO;3;;;NT/NN;NO;;;
52;NARIÑO;52480;NARIÑO;BARRIDO;3;;;NT/NN;SI;;;
52;NARIÑO;52506;OSPINA;BARRIDO;3;;;NT/NN;SI;;;
52;NARIÑO;52540;POLICARPA;MIXTO;3;;;NT/NN;NO;;;
52;NARIÑO;52560;POTOSÍ;BARRIDO;3;;;NT/NN;SI;;;
52;NARIÑO;52573;PUERRES;BARRIDO;3;;;NT/NN;SI;;;
52;NARIÑO;52585;PUPIALES;BARRIDO;3;;;NT/NN;SI;;;
52;NARIÑO;52685;SAN BERNARDO;BARRIDO;3;;;NT/NN;SI;;;
52;NARIÑO;52687;SAN LORENZO;BARRIDO;3;;;NT/NN;SI;;;
52;NARIÑO;52699;SANTACRUZ;BARRIDO;3;;;NT/NN;NO;;;
52;NARIÑO;52720;SAPUYES;BARRIDO;3;;;NT/NN;SI;;;
52;NARIÑO;52835;SAN ANDRES DE TUMACO;MIXTO;3;;;NT/NN;NO;;;
52;NARIÑO;52838;TÚQUERRES;BARRIDO;3;;;NT/NN;SI;;;
68;SANTANDER;68705;SANTA BÁRBARA;BARRIDO;2;;;NT/NN;SI;;;
68;SANTANDER;68773;SUCRE;BARRIDO;2;;;NT/NN;SI;;;
76;VALLE DEL CAUCA;76403;LA VICTORIA;BARRIDO;2;;;NT/NN;SI;;;
76;VALLE DEL CAUCA;76616;RIOFRÍO;BARRIDO;2;;;NT/NN;NO;;;
76;VALLE DEL CAUCA;76834;TULUÁ;BARRIDO;2;;;NT/NN;NO;;;
